Fecha,Usuario,DescripciÃ³n,Vistas,Hashtags
2023-12-10,thiagof.okk,"Bahia brava, es impresionante como a metros hay otra Bahia que el agua es tranquila.",2636,         
2024-3-10,gabrielcris23,Bahia brava - Villa la angostura.#sur #patagoniaargentina #patagonia,595,#sur #patagoniaargentina #patagonia 
2021-12-4,bandeveronica,"BahÃ­a Brava, una de las playitas mas lindas de Villa La Angostura ğŸ‡¦ğŸ‡·ğŸ’™ #mountain",1115,#mountain    
2024-2-25,marti_casas,SoÃ±adoğŸ¤¯ğŸ¤© #villalaangostura #puertovilla #bahiabravağŸ‡¦ğŸ‡· #travel,862,#villalaangostura #puertovilla #bahiabravağŸ‡¦ğŸ‡· #travel
2023-12-7,thiagof.okk,#bahiabrava #villalaangostura #pyf #viral #vacaciones #parati #viral,1489,#bahiabrava #villalaangostura #pyf #viral #vacaciones #parati #viral
2023-8-28,viaje.docepatas,"Unos mates a orillas de Bahia Brava, Villa La Angostura ğŸ§‰ğŸ‡¦ğŸ‡·â¤ï¸ #noesporpresumir",830,#noesporpresumir       
2024-2-8,cristinarodriguez706,"Villa la Angostura, bahÃ­a brava #argentina #patagonia #cordilleraargentina",639,#argentina #patagonia #cordilleraargentina
2023-12-27,vanuwidmer,El sur ğŸ˜ #vacaciones #bahiabrava #villalaangostura #sur #argentina #ğŸ‡¦ğŸ‡·,689,#vacaciones #bahiabrava #villalaangostura #sur #argentina #ğŸ‡¦ğŸ‡·
2024-2-1,meluruizzm,#villalaangostura #bahiabravağŸ‡¦ğŸ‡· #bahiamansa #patagoniaargentina #argentinatiktok,1380,#villalaangostura #bahiabravağŸ‡¦ğŸ‡· #bahiamansa #patagoniaargentina #argentinatiktok   
2024-4-6,cami.ntvg,#villalaangosturağŸ‡¦ğŸ‡· #bahiabravağŸ‡¦ğŸ‡· #bosquearrayanes #Argentina,658,#villalaangosturağŸ‡¦ğŸ‡· #bahiabravağŸ‡¦ğŸ‡· #bosquearrayanes #Argentina  
2023-12-7,gomezcelestel,Patagonia Argentina ğŸ‡¦ğŸ‡·â™¥ï¸ #villatraful #bosquesumergidoğŸğŸ” #villalaangostura,2243,#villatraful #bosquesumergidoğŸğŸ” #villalaangostura  
2024-1-20,nolgutleber,"De los lugares mÃ¡s lindos. Villa La Angostura, BahÃ­a Brava. #belleza #viajeconmates",397,#belleza #viajeconmates        
2023-8-24,natiturista,#bahiabrava #villalaangostura #neuquen #argentina #surargentino #ahoratu,5492,#bahiabrava #villalaangostura #neuquen #argentina #surargentino #ahoratu
2024-3-31,mikacarrascooo,ğŸ“ Villa la Angostura ğŸï¸ Muelle BahÃ­a Brava #villalaangostura #neuquenargentinağŸ‡¦ğŸ‡·,678,#villalaangostura #neuquenargentinağŸ‡¦ğŸ‡·    
2022-12-18,brujula_viajera,El bus a Villa La Angostura desde San Carlos de Bariloche cuesta 930 pesos ida y 930 vuelta aprox 25 soles aprox o 7 dÃ³lares,6709,    
2023-8-27,micaelacamino15,#parati #viral #rutina #fypã‚· #viraltiktok #neuquen #bahiabravağŸ‡¦ğŸ‡· #villalaangostura,3410,#parati #viral #rutina #fypã‚· #viraltiktok #neuquen #bahiabravağŸ‡¦ğŸ‡· #villalaangostura
2024-1-18,natunat2025,#argentina #paraiso #patagoniaargentina #villalaangostura #diosproveera,820,#argentina #paraiso #patagoniaargentina #villalaangostura #diosproveera 
2021-11-9,nicodellegrazie,#viajar #VillaLaAngostura #paragonia #argentina #ParaTi,887,#viajar #VillaLaAngostura #paragonia #argentina #ParaTi
2023-8-28,arielapesci,el sur srgentino ğŸ‡¦ğŸ‡·ğŸ«¶ğŸ»ğŸ¥¹ğŸ§‰ #bahiabrava #villalaangostura #traveltiktok,949,#bahiabrava #villalaangostura #traveltiktok    
2023-8-20,noemicardozo60,MUELLE BAHIA BRAVA. VILLA LA ANGOSTURA,8309,
2024-1-6,laailafarias,"BUENAS BUENAAAAAS, mini resumen de paisajes que disfrutamos ayerğŸ’– alquilamos bicicletas en Villa La angostura y recorrimos todo âœ¨ 7 hs intensas pero valieron la pena. Quieren que les suba videl explicando y pasando data?",31900,     
2023-2-27,elmundodepam.ok,Villa la Angostura sin auto es posible ğŸ˜ #villalangostura #neuquen #visitargentina,14200,#villalangostura #neuquen #visitargentina
2023-11-19,nicot85,#bahiabrava #villalaangostura #VLA Esas aguas por Dios!!! â¤ï¸,734,#bahiabrava #villalaangostura #VLA
2024-4-10,jbelmendoza,#villalaangostura #sibo #nutri #Sur #bariloche #bahiabrava #puerto #villa,593,#villalaangostura #sibo #nutri #Sur #bariloche #bahiabrava #puerto #villa
2022-1-30,pasaje.en.mano,MÃ¡s info siempre en mi IG a pasaje.en.mano ğŸŒˆâ™¥ï¸ğŸ–,306700,
2022-2-9,mairoletto,Una playa hermosa y sÃºper tranquila en Villa La Angostura #viaje #playa #lago #bahiabrava,262,#viaje #playa #lago #bahiabrava 
2024-1-22,turismovla,La hermosa BahÃ­a Brava!,6075,
2024-1-24,viajandojuntosamerica,Mirador BahÃ­a Mansa. Uno de los lugares imperdibles al visitar Villa la Angostura es su mirador natural. Hicimos un corto trekking y llegamos a una de las mejores vistas de la patagonia Argentina.,1029,    
2024-2-19,camiaraoz10,Villa La Angostura y sus playitasğŸ¤©ğŸ¤© ğŸ“Playa Brazo Ãšltima Esperanza ğŸ“Lago espejo ğŸ“Lago correntoso ğŸ“Bahia brava,628,     
2024-3-27,vivermaisomundo,"Um dos lugares mais lindos de Villa la Angostura Essa Ã© a Bahia Mansa, com Ã¡guas calmas e cor azul esverdeada. O passeio de caiaque por aqui Ã© imperdÃ­vel e do outro lado a alguns metros fica a Bahia Brava com Ã¡guas mais agitadas.",744,    
2024-4-2,ayrlonnegabi,Bora conhecer os principais pontos turÃ­sticos e mirantes em Villa la Angostura? ğŸ“Œ Letreiro da Cidade ğŸ“Œ Mirador Brazo Norte ğŸ“Œ Mirador del Puerto ğŸ“Œ Bahia Brava ğŸ“Œ Rio Correntoso ğŸ“Œ Pampitas Empanadas #villalaangostura #pontosturÃ­sticos #mirante #roadtrip,165,
2022-8-26,florscovenna_,ğŸ—ºBAHIA MANSA en VLAğŸ“ es soÃ±adağŸ¤© #villalaangostura #patagoniaargentina,28000,#villalaangostura #patagoniaargentina   
2023-10-20,sofibertola_,"Full day en villa la angosturağŸƒ Lugares imperdibles para conocer: - Ruta de los 7 lagos (rio correntoso, lago espejo, ruca malen) - Cascada rio bonito - Bahia brava - Bosque de arrayanes - Cerro bayo - Playa bonita - Cafeteria Antibes (increible lugar para desayuar o merendar)",906,    
2024-2-29,aby.avg,Apreciando ando âœ¨ğŸ¤#patagoniaargentina #villalaangostura #bahiamansa,861,#patagoniaargentina #villalaangostura #bahiamansa
2021-12-8,turismounido.arg,Â¿Que playa agregarÃ­as de nuestra Patagonia? ğŸ˜ğŸ‘‡@boletoalafelicidad ğŸ“¸#patagonia #,118500,patagonia     
2023-2-5,argentosuiza,"ğŸ‡¦ğŸ‡· Â¿CuÃ¡les son los lagos de la RUTA DE LOS SIETE? ğŸ‡¦ğŸ‡· Los lagos que componen el circuito que va desde San MartÃ­n de Los Andes hasta Villa La Angostura (o viceversa) varÃ­an dependiendo del autor del relato. Muchos no cuentan el Lago Espejo Chico, el Lago Hermoso o el Lago MachÃ³nico. Pero lo cierto es que este tramo de la Ruta 40 tiene mucho mÃ¡s que ofrecer que sÃ³lo los famosos 7, por eso en este video te resumo algunas paradas que podes sumar al trayecto para aprovecharlo al mÃ¡ximo. Te los dejo anotaditos: 1- Lago Lacar (por ser el primero, muchos no lo cuentan) 2- Lago MachÃ³nico 3- Lago Hermoso 4 - Cascada Vulignanco o VuliÃ±anco (ambas versiones son vÃ¡lidas) 5 - Lago Falker 6 - Lago Villarino 7 - Lago Escondido 8 - Cascadas Ã‘ivinco (haciendo un trekking de 2,5 km - buscÃ¡ el reel con toda la info) 9 - Lago Correntoso 10 - RÃ­o Ruca MalÃ©n 11 - Lago Espejo Chico 12 - Lago Espejo Grande 13- RÃ­o Correntoso 12 - Lago Nahuel Huapi en La Angostura (BahÃ­a Mansa, Brava y Manzano) Muchos aprovechan tambiÃ©n para visitar el Lago Meliquina o el Lago Traful, pero para mi esos merecen exclusividad â¤ï¸ ğŸ¬ Para ver la info completa, te invito a ver mi Ãºltimo video en Youtube! El link lo encontrÃ¡s en mi perfil. Â¿Vos cÃ³mo conocÃ­as este circuito? _",54700,    
2021-10-26,turismounido.arg,Â¿Cual mÃ¡s agregarÃ­as? ğŸ˜Seguimos en Instagram ğŸ‘‰ @turismounido.arg@boletoalafelicidad ğŸ“¸ #t,456000,    
2024-3-16,vincihoyos,"Chama a Samu, en EspaÃ±ol ğŸ¥ğŸ¶âš½ï¸ #videoviral #greenscreen #parati #fyp",2600000,#videoviral #greenscreen #parati #fyp                     
2024-4-4,celeraiteri,"Lugares que recorrimos en 5 dias : â€¢Cascada de los duendes â€¢Lago Gutierrez â€¢Hamburgueseria Weiss (HIPER RECOMENDAMOS) â€¢Villa Traful â€¢Villa la angostura (Bahia Brava) â€¢El Bolson (caminata del rio azul â€œEl paraisoâ€ de 45 min de duracion) â€¢Circuito chico, Colonia Suiza â€¢Refugio Patagonia 24.7 â€¢Centro de BRCâ¤ï¸",720,        
2022-7-6,cielo_salas,ğŸ™ˆ No puedo mÃ¡s con loq mendijieron #fypã‚· #parati #baile #enpublico #reacciones,57900,#fypã‚· #parati #baile #enpublico #reacciones    
2024-1-11,martiaarias,ğŸ’˜ #Ã±andubaysal #gualeguaychu #amigas #verano #playa #playasargentinas #fyp,22600,#Ã±andubaysal #gualeguaychu #amigas #verano #playa #playasargentinas #fyp 
2023-11-26,leandrooahumada,VILLA DE MI VIDAAAğŸ¦ğŸ‡¦ğŸ‡¹ğŸºğŸ¥#VILLACUBAS #elmasgrandelejos,18900,#VILLACUBAS #elmasgrandelejos
2021-1-14,pasaje.en.mano,Bosque Los Arrayanes ğŸ˜ğŸ˜ğŸ˜ğŸ’¦ğŸ’¦ğŸ’¦ #villalaangostura #argentina,78300,#villalaangostura #argentina
2022-11-22,chinitaenviaje,acÃ¡ una china gurisa enamorada de #gualeguaychu #entrerios,33100,#gualeguaychu #entrerios  
2024-1-13,maximosoliler,,18900,
2024-1-17,agusseju,2 dias en villa la angostura #elsur #patagoniaargentina,798,#elsur #patagoniaargentina        
2023-10-23,jairoherrera799,Villa de mi vida â¤ğŸ¤ #VillaCubas,6123,#VillaCubas
2023-12-14,leo7cabj,Baile Villa ğŸ•ºğŸ» || Â¡Primer edit de la cuenta! || #villa #boca #fyp,20700,#villa #boca #fyp
2022-12-2,leaigounet,"Recorro una ciudad donde abunda el bÃ¡squet, la joda y hasta tienen un premio Nobel en Medicina: La ciudad de BahÃ­a Blanca ğŸ€ğŸƒğŸ½â€â™‚ï¸",718200,    
2023-9-12,ufologiabrasil1,"Uma intensa mobilizaÃ§Ã£o militar foi registrada na argentina causada por um misterioso OVNI triangular preto, que desafiou a base militar Aeronaval, Comandante Espora em BahÃ­a Blanca. O pesquisador de OVNIs, Andrea PÃ©rez Simondini, confirmou que os militares comeÃ§aram a atirar neste estranho objeto, incidente que durou 30 minutos, diante do olhar e espanto dos moradores prÃ³ximo a esta base. Extra Oficialmente, afirma-se que hÃ¡ pessoas com queimaduras devido ao raio vindo deste objeto voador.",744900,      
2024-1-10,diarioinforama,Â¿CuÃ¡l es la mejor hinchada del clÃ¡sico catamarqueÃ±o? San Lorenzo y Villa Cubas dejaron al rojo vivo la definiciÃ³n y este jueves 11 se conocerÃ¡ al clasificado al Regional Federal Amateur. En la previa la pregunta es: Â¿quÃ© hinchada tiene mas aguante? #villacubas #sanlorenzodealem #catamarca,46700,
2024-1-18,chamo733,Punta del este#ğŸ‡µğŸ‡¾ğŸ‡ºğŸ‡¾,35900,#ğŸ‡µğŸ‡¾ğŸ‡ºğŸ‡¾
2024-1-19,alexander.ruizdiaz,Comenten barrios peligrosos ğŸ‘€,1600000,
2024-1-23,turismovla,Navegamos un ratito por BahÃ­a Manzano? #villalaangosturağŸ‡¦ğŸ‡· #patagonia #veranoenvla,1263,#villalaangosturağŸ‡¦ğŸ‡· #patagonia #veranoenvla 
2023-3-26,candescolnik,Ser campeÃ³n en Argentina descripciÃ³n grÃ¡fica. #scaloneta #parati #dibumartinez,186300,#scaloneta #parati #dibumartinez  
2023-11-5,vivaperonbuenasnoticias,#Massa engalanando el programa del pelele de #majul #vivaperon #elecciones2023,2052,#Massa #majul #vivaperon #elecciones2023                       
2023-9-28,_motocarro,#boca #river #villa31,449200,#boca #river #villa31
2021-8-30,turismovla,"Disfutando de este paisaje perfecto, desde el muelle de BahÃ­a Manzano, despuÃ©s de la Ãºltima nevada. ğŸŒ¨ğŸ¤Te gustarÃ­a estar acÃ¡? ğŸ” #v",1845,
2023-7-31,williamsosa10,Me fuiiii ğŸƒâ€â™‚ï¸ğŸ’¨ ğŸ” #argentina #argentinağŸ‡¦ğŸ‡· #paraguayğŸ‡µğŸ‡¾ #fypã‚· #laplataciudad,8400000,#argentina #argentinağŸ‡¦ğŸ‡· #paraguayğŸ‡µğŸ‡¾ #fypã‚· #laplataciudad    
2024-1-23,turismovla,"anoche tuvimos un nuevo concierto en el marco de el festival de mÃºsica clÃ¡sica de los 7 lagos, chequeÃ¡ los prÃ³ximos conciertos en www.fila7lagos.com",944, 
2024-3-30,leticiapanarr,,12500000,
2023-12-25,leandros.benitez,Areko 4 KuÃ±a del gran @quemilyambay al estilo de @confluencia_chamamecera !!! #paraguayğŸ‡µğŸ‡¾,14400,#paraguayğŸ‡µğŸ‡¾                                                   
2024-2-23,braianvillabarber,Respuesta a @emilio.y.broto,317,@emilio.y.broto
2022-1-10,alejandrinavizgaraa,#recital #playa #keper #kepersonajes #solardeleste #guale #gualeguaychu #fiesta,7703,#recital #playa #keper #kepersonajes #solardeleste #guale #gualeguaychu #fiesta   
2022-5-11,elgrafico,Todo el repertorio de Villa para festejar,7784,
2022-9-7,neruforte1,para eso me iba a las toninas #sargazo #caribe #misahorros,718900,#sargazo #caribe #misahorros
2024-1-27,cersantacatalina,La Cueca mÃ¡s bella de Jujuy â¤ğŸŒµ Para Santa Catalina #tomaslipan #santacatalina,6599,#tomaslipan #santacatalina     
2022-9-19,jrodriguezphoto,#FutbolEnAgenciaUGE Liga Riojana de FÃºtbol - Rioja Juniors CampeÃ³n 2022 - â€œserÃ¡s el hÃ©roe de la tardeâ€,4069,#FutbolEnAgenciaUGE   
2022-9-18,jorge_vilchez_fotos,#Kongaz #LaKonga #sunchales #santafe ğŸ¥³ğŸµ Video: #PedritoOcaÃ±a,3188,#Kongaz #LaKonga #sunchales #santafe #PedritoOcaÃ±a
2024-2-7,leticiapanarr,Acho que ela nao gostou dessa vez,17400000,
2023-11-9,flying_explorer_,"ğŸ“Las Ruinas de Gordejuela, Tenerife, Canary Islands ğŸ´ó §ó ¢ó ³ó £ó ´ó ¿ğŸ‡®ğŸ‡¨ Na pierwszy rzut oka wyglÄ…da jak opuszczony zamek, zaklÄ™ta rezydencja lub tajemnicze schronienie piratÃ³w... Stuletnie ruiny windy wodnej Gordejuela, na wybrzeÅ¼u Los Realejos, przypadkowo staÅ‚y siÄ™ nowÄ… atrakcjÄ… turystycznÄ… w mieÅ›cie, gdy zdjÄ™cia i filmy z tego malowniczego zakÄ…tka zostaÅ‚y udostÄ™pnione na caÅ‚ym Å›wiecie za poÅ›rednictwem mediÃ³w spoÅ‚ecznoÅ›ciowych. Przez dziesiÄ™ciolecia ruiny windy pozostawaÅ‚y zapomniane i praktycznie nieznane spoza Los Realejos. ZaczÄ™Å‚y zyskiwaÄ‡ popularnoÅ›Ä‡ w wyniku przygotowania szlaku turystycznego wzdÅ‚uÅ¼ pobliskiej Rambla de Castro przez radÄ™ miejskÄ… i Cabildo. Trasa ta Å‚Ä…czy to naturalne otoczenie z Playa Los Roques i dzielnicÄ… Punta Brava w Puerto de la Cruz. W poÅ‚owie drogi znajdujÄ… siÄ™ ruiny Gordejuela, na dnie stromego wÄ…wozu, przylegajÄ…ce do klifu, na prawie dzikiej plaÅ¼y La Fajana. Przygotowanie Å›cieÅ¼ki wzdÅ‚uÅ¼ tego wybrzeÅ¼a, o wielkiej przyrodniczej i krajobrazowej urodzie, natychmiast przyciÄ…gnÄ™Å‚o zarÃ³wno turystÃ³w, jak i mieszkaÅ„cÃ³w wyspy, do tego stopnia, Å¼e Rambla de Castro jest obecnie jednym z najczÄ™Å›ciej odwiedzanych zakÄ…tkÃ³w Teneryfy. W wyniku rosnÄ…cej popularnoÅ›ci szlaku szybko pojawiÅ‚ siÄ™ efekt ekspansji mediÃ³w spoÅ‚ecznoÅ›ciowych, gdzie spektakularne krajobrazy Castro i Gordejuela sÄ… staÅ‚ym tÅ‚em rÃ³Å¼nego rodzaju reportaÅ¼y i filmÃ³w. [ENG below] At first glance it looks like an abandoned castle, an enchanted mansion, or the secret lair of a pirates... The centuries-old ruins of the Gordejuela water lift, on the Los Realejos coast, have unintentionally become a new tourist attraction in the town, since photos and videos of this evocative corner have been shared around the world through social networks. . . . .",949,                         
2022-10-19,soyfernandoayala,#viral #paraguay #humor,3147,#viral #paraguay #humor
2022-9-24,ojeda_lezcano10,#fyp #paraguayoporelmundoğŸ‡µğŸ‡¾ğŸ‡µğŸ‡¾ğŸ’ƒğŸ¿ #paraguayoporeuropağŸ‡ªğŸ‡¦â™¥ï¸ğŸ‡µğŸ‡¾ #parati,25900,#fyp #paraguayoporelmundoğŸ‡µğŸ‡¾ğŸ‡µğŸ‡¾ğŸ’ƒğŸ¿ #paraguayoporeuropağŸ‡ªğŸ‡¦â™¥ï¸ğŸ‡µğŸ‡¾ #parati  
2023-10-1,fercho23_99,"La Villa 31 unos de los Barrios mÃ¡s peligrosos de Buenos Aires, Argentina ğŸ‡¦ğŸ‡·. #argentinağŸ‡¦ğŸ‡·",11500,#argentinağŸ‡¦ğŸ‡·   
2021-11-25,sanmartindetucuman__,San MartÃ­n de TucumÃ¡n 3 vs Gimnasia de Mendoza 1// Primera Nacional 2021 #parati,1900000,#parati      
2024-4-3,aaron___212,@naiki #paysandu #uruguay #alma #uruguayğŸ‡ºğŸ‡¾ #parati epicoo,4839,@naiki #paysandu #uruguay #alma #uruguayğŸ‡ºğŸ‡¾ #parati
2022-9-7,victorianoarenas,Frente a Central CÃ³rdoba ğŸ‡¦ğŸ‡· | #tiktokdeportes #victorianoarenas #futbolargentino #rosario,1600000,#tiktokdeportes #victorianoarenas #futbolargentino #rosario
2022-11-11,fiorellafigueredo5,#paraguayğŸ‡µğŸ‡¾ #paraguayosenespaÃ±ağŸ‡µğŸ‡¾ğŸ‡ªğŸ‡¸ #humor #realidad #luque #cheta,10900,#paraguayğŸ‡µğŸ‡¾ #paraguayosenespaÃ±ağŸ‡µğŸ‡¾ğŸ‡ªğŸ‡¸ #humor #realidad #luque #cheta 
2024-2-2,benjaeortiz23,Fua el Paysa ğŸ¤© ğŸ’™ğŸ¤ #juvenilesauf #juvenilesA #paysandufc #paysafc,26800,#juvenilesauf #juvenilesA #paysandufc #paysafc    
2023-11-26,ezequielguazook,Que hermoso mÃ­ Pueblo ğŸ˜ #pueblohermoso #pueblomagico #calor #fyp #suiza,255400,#pueblohermoso #pueblomagico #calor #fyp #suiza 
2023-12-28,presentadobeni,#taravehapakova,25300,#taravehapakova
2022-8-24,eugostummm_oficial,Feliz de mais pelo carinho alÃ©m do mais na fÃ© de Deus agente chega lÃ¡ â€¦ nÃ© Ivete obrigado pelo carinho eu gostummm,4700000,       
2022-8-30,celesteiann,#bahiablanca #bahiablancaargentina #diariodelaservilleta #libros #bahiablancağŸ‡¦ğŸ‡·â¤,42800,#bahiablanca #bahiablancaargentina #diariodelaservilleta #libros #bahiablancağŸ‡¦ğŸ‡·â¤  
2023-10-20,wipsdigital,Â¿Que lugar recomendas? #lugares #bahiablanca #turista #contenido,22100,#lugares #bahiablanca #turista #contenido 
2022-5-3,valenfullcane,Aguante ARGENTINAAA ğŸ‡¦ğŸ‡·,2400000,
2023-10-29,futbolcatamarca,Debut con goleada de San Martin con un desdibujado Villa Dolores en la primera fecha del Regional.,2375,    
2023-9-18,luisuribe075,#bahiablanca #stellamaris #barriobahia #buenosaires,53900,#bahiablanca #stellamaris #barriobahia #buenosaires
2023-12-17,vilagrancabrita,,248,
2024-3-23,leticia_lvr,"â€¢ DIA 01: Alugamos um carro no Aeroporto de Bariloche e fomos atÃ© San MartÃ­n de Los Andes. Nesse mesmo dia fomos atÃ© a Playa Yuco. â€¢DIA 02: fizemos metade da Rota dos 7 Lagos. SaÃ­mos de San MartÃ­n de los Andes e passamos por: Lago Falkner, Lago Escondido, Lago Villarino, Lago Machonico, Mirador del Barranco, Cerro Chapelco, Catritre, Mirador Lolog â€¢DIA 03: fizemos o restante Rota dos 7 Lagos, passando por: Mirador Pil Pil, Lago Correntoso, Lago Espejo, Rio Correntoso, Villa Angostura, Bahia Brava, Bariloche, Cerro Otto â€¢DIA 04: Circuito Chico paramos em: Playa Sin Viento, Punto PanorÃ¢mico, Puente Arroyo La Angostura, Mirador BahÃ­a Lopez, Muelle Lago Escondido, Sendero de Los Arrayanes, Cerro Campanario â€¢DIA 05: Cerro Tronador, fizemos todo o percurso atÃ© o Mirador de La Cascada Garganta Del Diablo â€¢DIA 06: Puerto Blest por excursÃ£o, mas nÃ£o recomendo fazer no verÃ£o ğŸ¥º â€¢DIA 07: tiramos esse dia para descansar e andar pelo centro de Bariloche.",2107, 
2024-1-20,micaela_aguilar_06,Respuesta a @lisandro.villasbo [Espero les guste]||[#fypã‚· #viral #paraguayğŸ‡µğŸ‡¾ #paraguay,26400,@lisandro.villasbo #fypã‚· #viral #paraguayğŸ‡µğŸ‡¾ #paraguay 
2023-12-15,mexpoma,#argentina #javiermilei #milei #libertaddeexpresion ğŸ‡²ğŸ‡½ # #nike #jesus,536,#argentina #javiermilei #milei #libertaddeexpresion #nike #jesus                                       
2021-8-13,turismovla,Momentos Ãºnicos que fuimos viviendo en este invierno maravilloso!â›·ğŸ”ğŸ´ğŸ»ğŸ¥¾â˜•ï¸#,2766,  
2022-10-2,rodra.rodra,La Villa 31 en la ciudad de Buenos Aires #villa31buenosaires #villa31 #buenosaires,2100000,#villa31buenosaires #villa31 #buenosaires
2023-9-8,_motocarro,CÃ³mo le dicen ustedes? Villa 31 o Barrio Mugica? ğŸ¤” #villa31 #barriomugica #retiro,87500,#villa31 #barriomugica #retiro  
2023-12-17,vilagrancabrita,,261,
2022-6-6,lgnar0,explota Viajerxs disco pub ğŸ”¥ #pridemonth #foryou #fypã‚· #montevideo #uruguay,2377,#pridemonth #foryou #fypã‚· #montevideo #uruguay       
2024-2-26,delrioalmundo,podemos admitir que Villa La Angostura es de los mejores lugares de Argentina? ğŸ˜,17500,    
2023-10-15,moveontraveling1,"Cuando pensas en Villa La Angostura... ğŸ‘‰ğŸ¼Que es lo primero que se te viene a la cabeza??? - LagosğŸš£â€â™€ - MontaÃ±as â›°ï¸ - Cerros Nevados ğŸ”ï¸ - Todo junto y mÃ¡s âœ¨ğŸ˜ ğŸ’›Hoy te mostramos ""La playa BahÃ­a brava"" en el Lago Nahuel Huapi . . ğŸ§Lo conocÃ­as??? ğŸ“±Escribimos para saber las todas las actividades que podes hacer. ğŸ‘‰ğŸ¼Contactanos por mensaje directo, estamos para vosğŸ‘©ğŸ½â€ğŸ’»â€¼ï¸ . . caminataspatagonicas",1785,           
2023-12-22,vilagrancabrita,,200,
2023-12-29,compayhostel,Respuesta a @Ummorena Parte 2 de playas imperdibles este verano en Uruguay ğŸ‡ºğŸ‡¾,1221,@Ummorena    
2024-2-1,ojeda_lezcano10,#parati #fvp #paraguayo #paraguayoporelmundoğŸ‡µğŸ‡¾ğŸ‡µğŸ‡¾ğŸ’ƒğŸ¿,35700,#parati #fvp #paraguayo #paraguayoporelmundoğŸ‡µğŸ‡¾ğŸ‡µğŸ‡¾ğŸ’ƒğŸ¿    
2023-12-4,s1s6__mt,Estamos localizados en presidente franco kilometro 5 y medio #casaquinta #verano,6673,#casaquinta #verano  
2024-1-18,turismovla,"Ver el atardecer en la montaÃ±a, conectar con el entorno y toda la magia que tiene Villa La Angostura para ofrecer.",864, 
2023-12-6,discover.paraguay,"Dr. Juan LeÃ³n MallorquÃ­n es un municipio ubicado en el departamento de Alto ParanÃ¡ a 266 km de AsunciÃ³n. Originalmente se llamaba Kaâ€™arendy, por los montes de yerba que existÃ­a en el Alto ParanÃ¡, en guaranÃ­ â€œkaâ€™aâ€ es yerba y â€œrendyâ€: que arde o luminoso, entonces el significado serÃ­a â€œyerba que ardeâ€ porque en Kaâ€™arendy se preparaba el mborovirÃ©, la yerba chamuscada en la barbacua. El nombre actual recuerda al defensor de las fronteras en la cuestiÃ³n del conflicto del Chaco, a travÃ©s de oportunas publicaciones y conferencias. Uno de los atractivos de la ciudad es el aÃ±oso Tajy Kaâ€™arendy, situado sobre la Ruta. El Ã¡rbol nativo tiene 7 metros de diÃ¡metro y 40 de altura y se estima una edad de mÃ¡s de 200 aÃ±os. Estuvo a punto de ser derribada para la duplicaciÃ³n de la ruta, pero un grupo de jÃ³venes solicitÃ³ a las autoridades que busquen la forma de salvarlo, logrÃ¡ndose el objetivo. Este post fue presentado por Alex S.A., porque la ciudad de Juan LeÃ³n Mallorquin, es TERRITORIO ALEX. ...................................................................................â€¦",34700,                           
2022-8-7,eugostummm_oficial,Esse pastel e so para quem esta de regime pq engoradar eu nÃ£o gostummm kkkk curta os videos e nos siga que eu gostummm,9900000,        
2024-3-6,mamaede2eartesanato,"Mais um comeÃ§o de tapete no tear de pregos. Aprendi esse tapete na infÃ¢ncia com minha avÃ³, nossa como detestava fazer esse tapete ğŸ¤­ eram horas e horas pra fazer um tapete e eu no auge dos meus 12 anos queria brincar, assistir, queria fazer tudo oque tivesse pra fazer menos o tapete ğŸ¤­ğŸ¤­ğŸ¤­ atÃ© meus 14 anos fazia todos os dias pra tentar ocupar o resto do meu dia, depois fiquei anos sem fazer, o tempo nÃ£o sobrava pra mais nada. Voltei a fazer em 2022, tinha acabado de mudar de SÃ£o Paulo pra Bahia, estava com uma bebÃª pequena e precisava de algo pra distrair a cabeÃ§a, daÃ­ lembrei dos vÃ¡rios artesanatos que minha avÃ³ me ensinou, mais o tapete no tear de pregos e meu favorito hoje, fazer esse tapete me trÃ¡s aconchego pro coraÃ§Ã£o, me trÃ¡s uma sensaÃ§Ã£o de paz maravilhosa. Me faz voltar Ã  infÃ¢ncia e lembrar das horas que eu e minha avÃ³ passamos cortando os retalhos pra tecer o tapete, aquele tempo eu nÃ£o ligava muito, mas hoje em dia essa Ã© minha maneira de escapar dessa correria do dia a dia. . . . . . .",618,             
2024-2-19,turismovla,volviÃ³ cocina de montaÃ±a y dijo presente una vez mÃ¡s en la Fiesta de los Jardines ğŸ™ŒğŸ§‘â€ğŸ³ğŸ›.,399,  
2023-2-13,buscamiviaje,CAMPING EN VILLA LA ANGOSTURA â›°ï¸ #patagoniaargentina #patagonia #vla,13600,#patagoniaargentina #patagonia #vla            
2024-3-14,agencialevitravel,"Â¿AÃºn sin planes para Semana Santa? ğŸ¤” AcompaÃ±anos el Domingo 31 de Marzo con toda tÃº familia y amigos, visitaremos CadaquÃ©s â˜€ï¸ğŸŒŠ el pueblo que enamorÃ³ a Salvador DalÃ­ quiÃ©n dijo que ""CadaquÃ©s era el pueblo mÃ¡s bonito del mundo"" ğŸ¤© ubicado en la Costa Brava una villa tradicional mediterrÃ¡nea que parece haberse detenido en el tiempo, las pintorescas calles de CadaquÃ©s te estÃ¡n esperando, saldremos en crucero â›´ï¸ desde la BahÃ­a de Roses disfrutando los paisajes de la costa sur-este del Parque Natural del Cabo de Creus y si no deseas realizar el crucero pero visitar la playa de Rosas su variedad de restaurantes, paseo marÃ­timo y preciosa playa el precio es de 25â‚¬ ğŸ–ğŸŒ´ğŸŒŠ ğŸ“ Nuestra oficina estÃ¡ ubicada en Avinguda de Francesc MaciÃ¡ 30, Esc A 1er, 1a Sabadell a 2 minutos de El Corte InglÃ©s frente al Parque CataluÃ±a (CON CITA PREVIA) â° Horario de atenciÃ³n: Lunes a Viernes de 10:00h a 19:00h",961,     
2024-1-13,el_paraguayito_..._,#tropicalesdeoro #tropicales #temazosparaguay #paraguaya,6256,#tropicalesdeoro #tropicales #temazosparaguay #paraguaya           
2023-9-28,uh.neto,"O Tabuleiro tÃ¡ aberto Pra vocÃª que se conecta â¤ï¸ com a mÃºsica, gostaria de te convidar pra ouvir meu primeiro Ã¡lbum, ""Tira-Gostuh"". Sendo lanÃ§ado a partir do dia 30/09 em todas as plataformas digitais... o Tira-Gostuh foi contemplado na 3Â° Temporada do Selo Educadora FM @educadorafmba e chega ao mundo cheio de dengo, tempero e misturas... Trago em seus versos, cantos, musicalidades, e um pouco de tudo aquilo que venho pensando e sentindo... Como fruto de uma caminhada no RAP e no campo da Filosofia, o Tira-Gostuh perpassa por vÃ¡rios universos do RecÃ´ncavo da Bahia para simplesmente dialogar o que possui... amor! Vem com nÃ³s que...",490,            
2023-9-1,grupo.metropole,"Torcedora sÃ­mbolo do Esporte Clube VitÃ³ria, Rosicleide de Jesus Aquino, revelou que devido ao machismo ela precisava ir disfarÃ§ada ao BarradÃ£o. Em entrevista ao Jornal da Cidade, da RÃ¡dio Metropole, ela comentou das dificuldades que passava, atÃ© entre sua famÃ­lia. â€œA comeÃ§ar pelo meu marido, que achava que eu nÃ£o poderia estar presente na arquibancada, gritando. Eu tinha que usar peruca, fingir que nÃ£o gostava de futebol. O bicho pegava lÃ¡ em casa, atÃ© porque minha famÃ­lia Ã© toda Bahia e nÃ£o aceitavam que eu fosse a ovelha negra da famÃ­lia. Mas o amor pelo VitÃ³ria foi maior, desde quando eu estava no ventre de minha mÃ£e eu jÃ¡ me sentia rubro-negraâ€, revelou. Em 2023, Rosicleide sobreviveu a um problema de coraÃ§Ã£o, ainda em recuperaÃ§Ã£o, a torcedora disse que o rubro-negro Ã© uma das fontes de energia para superar a questÃ£o. â€œEu era sÃ³cia conselheira, sempre ajudei enquanto todos abandonaram. Me afastei do Conselho porque estava me estressando muito, cobrava dos restantes dos conselheiros para que todos estivessem pagando em dia com o clube, porque o VitÃ³ria estava precisando. Logo depois fiquei doente e lembrava do VitÃ³ria, que me dava forÃ§a para superar a doenÃ§aâ€, afirmou. Sobre o Campeonato Brasileiro, Rosicleide se diz esperanÃ§osa com o tÃ­tulo. â€œAno passado muita gente desistiu, dizendo que o VitÃ³ria ia ficar na SÃ©rie C. Mas eu acreditava que a gente ia passar, e graÃ§as a Deus o milagre continua. Agora a luta continua e a gente merece esse tÃ­tulo da SÃ©rie B neste ano. O VitÃ³ria Ã© uma seleÃ§Ã£o hoje, vai arrebentar e o time Ã© um pitbull, jÃ¡ a torcida Ã© um segundo pitbullâ€, finalizou.",3991,  
2023-11-16,pixvaecraft,"Playa Pixvae ğŸŒ Al llegar a la comunidad de pixvae puedes solicitar el tour de playas que deseas. Playita blanca, las cuevas, doÃ±a juana, playa brava, playa la aguja. Tambien puedes conocer otras playas, como playa pajarÃ³n al igual q puedes visitar bahia honda. Y por supuesto, el parque nacional coiba.",35200,      
2023-12-25,osunabelenyanina,#miamor #escapada #villalaangostura #bahiamansa #lagocorrentoso,3140,#miamor #escapada #villalaangostura #bahiamansa #lagocorrentoso  
