Fecha,Usuario,DescripciÃ³n,Vistas,Hashtags,Origen
2022-8-26,florscovenna_,ğŸ—ºBAHIA MANSA en VLAğŸ“ es soÃ±adağŸ¤© #villalaangostura #patagoniaargentina,28000,#villalaangostura #patagoniaargentina   ,bahia_mansa
2023-12-16,thiagof.okk,"Bahia manza, villa la angostura ğŸ¤ #villalaangostura #viral #parati #pyf",1277,#villalaangostura #viral #parati #pyf       ,bahia_mansa
2024-2-29,aby.avg,Apreciando ando âœ¨ğŸ¤#patagoniaargentina #villalaangostura #bahiamansa,861,#patagoniaargentina #villalaangostura #bahiamansa,bahia_mansa
2024-1-5,karladf6,BahÃ­a Mansa Villa Angostura ğŸ“ Argentina ğŸ«¶âœ¨ #bahiamansavillalaangostura,902,#bahiamansavillalaangostura,bahia_mansa
2024-2-1,meluruizzm,#villalaangostura #bahiabravağŸ‡¦ğŸ‡· #bahiamansa #patagoniaargentina #argentinatiktok,1380,#villalaangostura #bahiabravağŸ‡¦ğŸ‡· #bahiamansa #patagoniaargentina #argentinatiktok   ,bahia_mansa
2021-1-20,anigarlatti,BahÃ­a Mansa - Villa La Angostura. #parati #fyp #argentinağŸ‡¦ğŸ‡· #patagoniargentina #patagonia,1633,#parati #fyp #argentinağŸ‡¦ğŸ‡· #patagoniargentina #patagonia  ,bahia_mansa
2024-3-27,vivermaisomundo,"Um dos lugares mais lindos de Villa la Angostura Essa Ã© a Bahia Mansa, com Ã¡guas calmas e cor azul esverdeada. O passeio de caiaque por aqui Ã© imperdÃ­vel e do outro lado a alguns metros fica a Bahia Brava com Ã¡guas mais agitadas.",744,    ,bahia_mansa
2022-8-21,luchicasim,ğŸ¤©ğŸ˜® La Casa mÃ¡s cara de Villa La AngosturağŸ“#venta #inmobiliaria #argentina #realstate,51500,#venta #inmobiliaria #argentina #realstate     ,bahia_mansa
2024-3-16,mapiatersol,#sur #argentina #villalaangostura #paisajes #bahiamansa,726,#sur #argentina #villalaangostura #paisajes #bahiamansa,bahia_mansa
2024-3-10,gabrielcris23,Bahia mansa - villa la angostura #sur #patagoniaargentina #patagonia,553,#sur #patagoniaargentina #patagonia ,bahia_mansa
2021-8-13,melocontaron.ok,BahÃ­a Mansa - Villa La Angostura #villalaangostura #patagoniaargentina,2085,#villalaangostura #patagoniaargentina      ,bahia_mansa
2022-2-9,florenciaprodan1,"ğŸ“Villa La Angostura, Bahia Mansa. #patagonia #sur #vacaciones #verano",666,#patagonia #sur #vacaciones #verano       ,bahia_mansa
2021-1-15,pasaje.en.mano,ReciÃ©n subÃ­ una GUÃA DE VILLA LA ANGOSTURA A MI IG â¤ï¸ esto es BahÃ­a manzano ğŸ™ƒ,13700, ,bahia_mansa
2024-2-18,vivamoslapatagonia,"Villa La Angostura y sus paisajes tan hermosos!!! ğŸ“BahÃ­a Manzano Somos Maru y Mau y te mostramos lo que vivimos a diario en la patagonia ğŸ‡¦ğŸ‡· Seguinos en Instagram donde somos una comunidad de 153k ğŸ‘‰ğŸ½ Si te gustÃ³ compartilo ğŸ“² y â™¥ï¸ ğŸ‘‰ğŸ½ Guardalo ğŸ’¾ ğŸ‘‰ğŸ½ Cuidemos el ğŸŒ â€¦â€¦â€¦â€¦â€¦â€¦â€¦â€¦â€¦â€¦â€¦..â€¦â€¦â€¦â€¦â€¦â€¦â€¦â€¦â€¦â€¦. ğŸ™ŒğŸ¼ Se parte de la soluciÃ³n, no de la contaminaciÃ³n âš ï¸Si vas y volves con tu ğŸ“± anda y volvÃ© con tu basurağŸš¯ğŸ‘‰ğŸ½ ğŸš®â™»ï¸ â€¦â€¦â€¦â€¦â€¦â€¦â€¦â€¦â€¦â€¦â€¦..â€¦â€¦â€¦â€¦â€¦â€¦â€¦â€¦â€¦â€¦. #parati #tiktok #viajar #viajaresvivir #paraiso #lago #playa #montaÃ±as #villalaango",4156,                       ,bahia_mansa
2020-7-31,julietaroth1,Bahia Mansa - Villa La Angostura #argentina #viajar #zxycba #parati #patagoniaargentina,7819,#argentina #viajar #zxycba #parati #patagoniaargentina  ,bahia_mansa
2024-1-24,viajandojuntosamerica,Mirador BahÃ­a Mansa. Uno de los lugares imperdibles al visitar Villa la Angostura es su mirador natural. Hicimos un corto trekking y llegamos a una de las mejores vistas de la patagonia Argentina.,1029,    ,bahia_mansa
2022-9-20,agustinapereyrav,Los colores del paisaje ğŸ˜ #villalaangostura #patagoniaargentina #bahiamansa,316,#villalaangostura #patagoniaargentina #bahiamansa ,bahia_mansa
2024-2-3,valllbaezz,#villalaangostura #bahiamansa #neuquen #sur #surargentino #paisaje,904,#villalaangostura #bahiamansa #neuquen #sur #surargentino #paisaje,bahia_mansa
2024-2-26,delrioalmundo,podemos admitir que Villa La Angostura es de los mejores lugares de Argentina? ğŸ˜,17500,    ,bahia_mansa
2023-2-12,arianadelfi2,#villalaangostura #bahiamansa #neuquenviral #vacaciones #paisajes_hermosos,1042,#villalaangostura #bahiamansa #neuquenviral #vacaciones #paisajes_hermosos,bahia_mansa
2023-10-3,lorena_bea,Maravilloso todo. ğŸ¤© #bahiamansavillalaangostura,897,#bahiamansavillalaangostura ,bahia_mansa
2022-3-4,catadeviaje,La bahÃ­a mÃ¡s linda de todas #viajestiktok #argentina #patagonia #surargentino #travel,2034,#viajestiktok #argentina #patagonia #surargentino #travel    ,bahia_mansa
2023-12-11,casadosyfelices23,Bahia mansa Villa la Angostura que les parece esta belleza de lugar?#parati #paratii,573,#parati #paratii         ,bahia_mansa
2021-10-9,diego0garcia,#VillaLaAngostura #Neuquen #BahiaMansa #Turismo #Patagonia #Ruta40 #Argentina,4180,#VillaLaAngostura #Neuquen #BahiaMansa #Turismo #Patagonia #Ruta40 #Argentina    ,bahia_mansa
2021-12-21,caro_magnalardo_neuquen,"BahÃ­a Manzano, Villa La Angostura, NeuquÃ©n. #vacaciones #verano #naturaleza",4276,#vacaciones #verano #naturaleza,bahia_mansa
2024-2-20,estefyale.30,Hermosa tarde en el lago! #neuquen #argentina #paraiso #villalaangostura #sur,620,#neuquen #argentina #paraiso #villalaangostura #sur      ,bahia_mansa
2024-2-26,nadiaashir,"Un poco de pazâœ¨ï¸ğŸğŸ›¶ ğŸ“Bahia Mansa, Villa La Angostura. NeuquÃ©n #argentinağŸ‡¦ğŸ‡·",342,#argentinağŸ‡¦ğŸ‡·    ,bahia_mansa
2024-3-22,estefyale.30,simplemente hermosoğŸ˜ #lago #bahiamansa #villalaangostura #paraiso #sur #argentina,613,#lago #bahiamansa #villalaangostura #paraiso #sur #argentina      ,bahia_mansa
2024-2-9,eduardo.churata,Hermoso lugar â¤ï¸ #villalaangostura #bahiamansa #neuquen #bariloche #hermoso,1708,#villalaangostura #bahiamansa #neuquen #bariloche #hermoso  ,bahia_mansa
2023-10-30,cristianvejares39,"Mirador Bahia Mansa, Villa la Angostura NeuquÃ©n.",450,,bahia_mansa
2024-1-13,kungfoosion,#villalaangostura #bahiamanzano,1837,#villalaangostura #bahiamanzano,bahia_mansa
2023-9-26,respiraargentina,"Â¿Conoces este lugar maravilloso? ğŸ“Camino al Mirador BahÃ­a Mansa ,Villa La Angostura . ğŸ¥viviendoenpatagonia",2765,     ,bahia_mansa
2021-2-5,melissadanielamk,Imperdible BahÃ­a Manzano en Villa la angostura ğŸ˜ #villalaangostura #patagonia,5367,#villalaangostura #patagonia  ,bahia_mansa
2024-2-2,vanecatrin,#Bahia_Mansa #VillaLaAngostura #summer #â˜ï¸â™¥ï¸ #ğŸ’†,629,#Bahia_Mansa #VillaLaAngostura #summer #â˜ï¸â™¥ï¸ #ğŸ’†,bahia_mansa
2024-3-7,danuxok,MATESULI EN LA MANSA ğŸ’™ #bahiamansa #laangostura #montaÃ±a #ruta40 #paradise,329,#bahiamansa #laangostura #montaÃ±a #ruta40 #paradise           ,bahia_mansa
2023-8-26,romisolllll,Patagonia Argentina Villa la Angostura - BahÃ­a Manzano #villalaangostura #bahiamanzano,1624,#villalaangostura #bahiamanzano  ,bahia_mansa
2024-1-20,nolgutleber,"De los lugares mÃ¡s lindos. Villa La Angostura, BahÃ­a Brava. #belleza #viajeconmates",397,#belleza #viajeconmates        ,bahia_mansa
2024-1-6,laailafarias,"BUENAS BUENAAAAAS, mini resumen de paisajes que disfrutamos ayerğŸ’– alquilamos bicicletas en Villa La angostura y recorrimos todo âœ¨ 7 hs intensas pero valieron la pena. Quieren que les suba videl explicando y pasando data?",31900,     ,bahia_mansa
2022-1-30,pasaje.en.mano,MÃ¡s info siempre en mi IG a pasaje.en.mano ğŸŒˆâ™¥ï¸ğŸ–,306700,,bahia_mansa
2023-11-29,lisaamarti20,Esta es una seÃ±al para que viajes al sur #surargentino #viajar #bahiamanzano,4674,#surargentino #viajar #bahiamanzano     ,bahia_mansa
2024-1-1,rocio_aylenn,La vida es un regalo y no quiero desperdiciarlo ğŸ¤ğŸ¼âœ¨ #parati #viral #superviral #fyp,746,#parati #viral #superviral #fyp         ,bahia_mansa
2024-1-23,turismovla,Navegamos un ratito por BahÃ­a Manzano? #villalaangosturağŸ‡¦ğŸ‡· #patagonia #veranoenvla,1263,#villalaangosturağŸ‡¦ğŸ‡· #patagonia #veranoenvla ,bahia_mansa
2023-9-1,days_raimil,"Una lloradita y seguir, por que podemos con todo, pero no con todo a la vez. ğŸ¥ºâœ¨ï¸",4661,     ,bahia_mansa
2023-2-17,pescuramos,Viajamos en catamarÃ¡n hasta el Bosque Los Arrayanes e hicimos 12 km de vuelta caminando hasta VLA. Terminar metidos en el Lago de BahÃ­a Mansa fue el broche de oro. . . .,287,       ,bahia_mansa
2021-1-28,alanaltuzarra,BahÃ­a manzano #villalaangostura #fyp #patagonia,21100,#villalaangostura #fyp #patagonia,bahia_mansa
2023-1-6,tripinargentina,"Uno los imperdibles de Villa La Angostura. Un bosque de arrayanes Ãºnico en el mundo cautiva en la Patagonia argentina, con ejemplares de hasta 25 metros de alto que se distinguen por su belleza y la originalidad que les da su tono rojizo y canela. AquÃ­ los ejemplares tienen un promedio de 200 aÃ±os de edad, y miden entre 18 y 25 metros de altura. La majestuosidad del Parque de Arrayanes habrÃ­a sido el disparador para que Walt Disney piense en Bambi, el ciervo mÃ¡s famoso de Hollywood. Si bien el cambio climÃ¡tico ha impactado indudablemente a este bosque, todavÃ­a se puede apreciar esa magia. Para llegar por vÃ­a lacustre, a travÃ©s del Lago Nahuel Huapi, se llega a Puerto Arrayanes; tambiÃ©n hay un servicio diario de catamarÃ¡n desde el puerto La Angostura. Por tierra, cerca del puerto de BahÃ­a Mansa se abre una senda peatonal de aproximadamente 12 kilÃ³metros por la que se llega al Bosque de Arrayanes. Costo del Ingreso al Parque Nacional: $3.500 (extranjeros) â€“ $1000 (residentes nacionales). Menores de 6-12 aÃ±os: $500. Menores hasta los 5 aÃ±os y jubilados argentinos no abonan.",14300,,bahia_mansa
2024-3-26,ignaciofitero,Veranito en el sur con @Sofiii ğŸ’˜ğŸŒºğŸ•ï¸â›°ï¸ #Sur #villalaangostura #cumbre #bahiamansa,1010,@Sofiii #Sur #villalaangostura #cumbre #bahiamansa         ,bahia_mansa
2021-1-25,pasaje.en.mano,Para comer en #villalaangostura > BANDURRIAS FOOD & CO #TipPasaje,19600,#villalaangostura #TipPasaje,bahia_mansa
2024-2-22,gusariase,"ğŸ“ Lago Nahuel Huapi, Villa la Angostura. EstÃ¡ estÃ¡s espectacular bahÃ­a Brazo RincÃ³n.",31100,      ,bahia_mansa
2023-12-10,thiagof.okk,"Bahia brava, es impresionante como a metros hay otra Bahia que el agua es tranquila.",2636,         ,bahia_mansa
2023-2-13,buscamiviaje,CAMPING EN VILLA LA ANGOSTURA â›°ï¸ #patagoniaargentina #patagonia #vla,13600,#patagoniaargentina #patagonia #vla            ,bahia_mansa
2024-4-6,cami.ntvg,#villalaangosturağŸ‡¦ğŸ‡· #bahiabravağŸ‡¦ğŸ‡· #bosquearrayanes #Argentina,658,#villalaangosturağŸ‡¦ğŸ‡· #bahiabravağŸ‡¦ğŸ‡· #bosquearrayanes #Argentina  ,bahia_mansa
2024-1-31,yamiexposito,"No sera la mejor calidad, pero que paraiso tenemos ğŸ˜ğŸ”ï¸âœ¨ #CapCut #patagonia",699,#CapCut #patagonia       ,bahia_mansa
2024-1-2,micabarredoarte,El restaurante con la mejor vista de Villa La Angostura ğŸ”ï¸ğŸ‡¦ğŸ‡· En el extremo norte del lago Nahuel Huapi se encuentra @miradorlakecuisine Un espacio que parece flotar por encima del agua y que te sorprende con sus sabores ğŸ ğŸŒ· Si este verano estÃ¡s por la Patagonia Argentina tenÃ©s que conocerlo ğŸ«¶ğŸ½,21700,   ,bahia_mansa
2023-10-15,moveontraveling1,"Cuando pensas en Villa La Angostura... ğŸ‘‰ğŸ¼Que es lo primero que se te viene a la cabeza??? - LagosğŸš£â€â™€ - MontaÃ±as â›°ï¸ - Cerros Nevados ğŸ”ï¸ - Todo junto y mÃ¡s âœ¨ğŸ˜ ğŸ’›Hoy te mostramos ""La playa BahÃ­a brava"" en el Lago Nahuel Huapi . . ğŸ§Lo conocÃ­as??? ğŸ“±Escribimos para saber las todas las actividades que podes hacer. ğŸ‘‰ğŸ¼Contactanos por mensaje directo, estamos para vosğŸ‘©ğŸ½â€ğŸ’»â€¼ï¸ . . caminataspatagonicas",1785,           ,bahia_mansa
2023-12-27,vanuwidmer,El sur ğŸ˜ #vacaciones #bahiabrava #villalaangostura #sur #argentina #ğŸ‡¦ğŸ‡·,689,#vacaciones #bahiabrava #villalaangostura #sur #argentina #ğŸ‡¦ğŸ‡·,bahia_mansa
2023-2-25,micamurua.s,#vlog de hoy primer dÃ­a en #villalaangostura #surargentino #hotellife ğŸ”ğŸ—º #calfucho,5757,#vlog #villalaangostura #surargentino #hotellife #calfucho,bahia_mansa
2024-1-22,turismovla,La hermosa BahÃ­a Brava!,6075,,bahia_mansa
2021-8-30,turismovla,"Disfutando de este paisaje perfecto, desde el muelle de BahÃ­a Manzano, despuÃ©s de la Ãºltima nevada. ğŸŒ¨ğŸ¤Te gustarÃ­a estar acÃ¡? ğŸ” #v",1845,,bahia_mansa
2023-10-27,nataliagutierrez633,Se puede caer el mundo pero la pasamos bien igual ğŸ¥³ #rio #pasodelapatriağŸš¤ğŸ–ï¸â˜€ï¸ğŸ˜œ,85500,#rio #pasodelapatriağŸš¤ğŸ–ï¸â˜€ï¸ğŸ˜œ  ,bahia_mansa
2023-12-7,gomezcelestel,Patagonia Argentina ğŸ‡¦ğŸ‡·â™¥ï¸ #villatraful #bosquesumergidoğŸğŸ” #villalaangostura,2243,#villatraful #bosquesumergidoğŸğŸ” #villalaangostura  ,bahia_mansa
2023-8-24,natiturista,#bahiabrava #villalaangostura #neuquen #argentina #surargentino #ahoratu,5492,#bahiabrava #villalaangostura #neuquen #argentina #surargentino #ahoratu,bahia_mansa
2024-3-31,mikacarrascooo,ğŸ“ Villa la Angostura ğŸï¸ Muelle BahÃ­a Brava #villalaangostura #neuquenargentinağŸ‡¦ğŸ‡·,678,#villalaangostura #neuquenargentinağŸ‡¦ğŸ‡·    ,bahia_mansa
2024-1-21,freeholidaysplanner,"Punta Perdices, a 65 km de Las GrutasğŸŒŠğŸ¤ #lasgrutas #rionegro #argentina",76300,#lasgrutas #rionegro #argentina ,bahia_mansa
2021-1-10,pamelul,Villa la Angostura- NeuquÃ©n ğŸŒ²ğŸ’•#neuquenpatagoniaargentina #neuquÃ©n,11700,#neuquenpatagoniaargentina #neuquÃ©n ,bahia_mansa
2023-10-24,victooriaazorr,BASTA DE VIENTO POR FAVOR #sanluis #argentina,277900,#sanluis #argentina,bahia_mansa
2024-2-19,turismovla,volviÃ³ cocina de montaÃ±a y dijo presente una vez mÃ¡s en la Fiesta de los Jardines ğŸ™ŒğŸ§‘â€ğŸ³ğŸ›.,399,  ,bahia_mansa
2024-3-15,alojamientomontes,,668,,bahia_mansa
2022-10-31,chileansouth.cl,"Una de las formas de cruzar desde Chile hacia Argentina es a travÃ©s de este embarcadero, el cual cruza desde Puerto Fuy hasta San MartÃ­n de los Andes.El valor del transporte con vehÃ­culo es de aproximadamente $16.000 pesos chilenos y tarda un promedio de 2 horas con 45 minutos en llegar a destino. #",274300,          ,bahia_mansa
2021-11-28,maratonyatraccion,Responder a @gabrielaaldana38 #Turismo en #BahiaBlanca #viaje #vacaciones,34200,@gabrielaaldana38 #Turismo #BahiaBlanca #viaje #vacaciones,bahia_mansa
2022-2-8,viajandovamos_,Â¿Fueron alguna vez?âœ¨ #buenosaires #puertodeolivos #turismoargentina #viral,3041,#buenosaires #puertodeolivos #turismoargentina #viral ,bahia_mansa
2024-1-23,turismovla,"anoche tuvimos un nuevo concierto en el marco de el festival de mÃºsica clÃ¡sica de los 7 lagos, chequeÃ¡ los prÃ³ximos conciertos en www.fila7lagos.com",944, ,bahia_mansa
2021-3-16,vivamosba,Â¿Alguna vez fuiste a un hotel de campo? #buenosaires #argentina,291400,#buenosaires #argentina,bahia_mansa
2023-9-19,franguazman,-Mi pueblo ğŸ«¶ğŸ» #humortiktok #fyp #parati #paisajes #santafe #argentina,27800,#humortiktok #fyp #parati #paisajes #santafe #argentina,bahia_mansa
2023-9-20,joacoo_cabrera,Santa Ana tierra de nadieğŸ˜ #fyp #trend #fypã‚· #santaana #tucuman #argentina,50600,#fyp #trend #fypã‚· #santaana #tucuman #argentina,bahia_mansa
2021-9-1,delsoldrone,Los 5 lugares increÃ­bles para visitar en La Pampa #lapampa #tripinargentina #argentina,44800,#lapampa #tripinargentina #argentina    ,bahia_mansa
2022-10-8,silviabenitezvera,#paraguayğŸ‡µğŸ‡¾ Salto Suizo - Colonia Independencia,5033,#paraguayğŸ‡µğŸ‡¾,bahia_mansa
2023-3-2,gauchocharro,Puerto de BahÃ­a Blanca. Patagonia Argentina #Argentina #patagonia #atlantico,2698,#Argentina #patagonia #atlantico ,bahia_mansa
2023-11-29,lugaresyrutas,Villa La Angostura #bariloche2023ğŸ‡¦ğŸ‡·ğŸ‡¦ğŸ‡·ğŸ‡¦ğŸ‡·ğŸ’«âœ¨ğŸ’«âœ¨ğŸ’«âœ¨,42400,#bariloche2023ğŸ‡¦ğŸ‡·ğŸ‡¦ğŸ‡·ğŸ‡¦ğŸ‡·ğŸ’«âœ¨ğŸ’«âœ¨ğŸ’«âœ¨          ,bahia_mansa
2022-9-6,comentino,"Que lindo que es Salta!! // @comentino en instagram gente, vayan a bancar ğŸ™ŒğŸ½ #fyp",59200,#fyp       ,bahia_mansa
2023-9-19,viajarconestiloar,2km de pura naturaleza y emociÃ³n âœ¨ğŸ§¡ Te sirve esta actividad si no llegas/no queres hacer la excursiÃ³n lacustre o la caminata de 12km que parte a las 11 am ğŸ˜ŒğŸ¤©,8356,    ,bahia_mansa
2021-8-13,turismovla,Momentos Ãºnicos que fuimos viviendo en este invierno maravilloso!â›·ğŸ”ğŸ´ğŸ»ğŸ¥¾â˜•ï¸#,2766,  ,bahia_mansa
2023-9-18,luisuribe075,#bahiablanca #stellamaris #barriobahia #buenosaires,53900,#bahiablanca #stellamaris #barriobahia #buenosaires,bahia_mansa
2023-2-23,lucianosimon_2,#amanecer #costa #argentina #playas Buen dÃ­a....,552,#amanecer #costa #argentina #playas,bahia_mansa
2024-4-8,alojamientomontes,,652,,bahia_mansa
2024-2-5,airesdecultura,CazÃ³n ğŸª» #pueblo #cazon #saladillo #pueblos #buenosaires #turismo,7189,#pueblo #cazon #saladillo #pueblos #buenosaires #turismo   ,bahia_mansa
2022-5-19,unprofeviajero,No te pierdas en conocer la Reserva Natural Urbana de MorÃ³n. Seguime en Instagram para mÃ¡s destinos.,3277,      ,bahia_mansa
2023-11-17,agustinaginerr,Hospedarse en hoteles de la cadena DOT : ruma andina en villa la angostura #hotel,6674,#hotel        ,bahia_mansa
2023-11-8,lucho.vill,En lo mÃ¡s profundo de Colonia Independencia ğŸ‡µğŸ‡¾ Salto Suizo ğŸ“#parati #mochileros #viral,3144,#parati #mochileros #viral  ,bahia_mansa
2023-9-13,federicosusbielles,Â¿Conoces el Museo del Puerto? Es un PLA NA ZO ğŸ¤© #Bahia #Parati #ForYou #Fyp #Museo,5082,#Bahia #Parati #ForYou #Fyp #Museo,bahia_mansa
2023-2-5,argentosuiza,"ğŸ‡¦ğŸ‡· Â¿CuÃ¡les son los lagos de la RUTA DE LOS SIETE? ğŸ‡¦ğŸ‡· Los lagos que componen el circuito que va desde San MartÃ­n de Los Andes hasta Villa La Angostura (o viceversa) varÃ­an dependiendo del autor del relato. Muchos no cuentan el Lago Espejo Chico, el Lago Hermoso o el Lago MachÃ³nico. Pero lo cierto es que este tramo de la Ruta 40 tiene mucho mÃ¡s que ofrecer que sÃ³lo los famosos 7, por eso en este video te resumo algunas paradas que podes sumar al trayecto para aprovecharlo al mÃ¡ximo. Te los dejo anotaditos: 1- Lago Lacar (por ser el primero, muchos no lo cuentan) 2- Lago MachÃ³nico 3- Lago Hermoso 4 - Cascada Vulignanco o VuliÃ±anco (ambas versiones son vÃ¡lidas) 5 - Lago Falker 6 - Lago Villarino 7 - Lago Escondido 8 - Cascadas Ã‘ivinco (haciendo un trekking de 2,5 km - buscÃ¡ el reel con toda la info) 9 - Lago Correntoso 10 - RÃ­o Ruca MalÃ©n 11 - Lago Espejo Chico 12 - Lago Espejo Grande 13- RÃ­o Correntoso 12 - Lago Nahuel Huapi en La Angostura (BahÃ­a Mansa, Brava y Manzano) Muchos aprovechan tambiÃ©n para visitar el Lago Meliquina o el Lago Traful, pero para mi esos merecen exclusividad â¤ï¸ ğŸ¬ Para ver la info completa, te invito a ver mi Ãºltimo video en Youtube! El link lo encontrÃ¡s en mi perfil. Â¿Vos cÃ³mo conocÃ­as este circuito? _",54700,    ,bahia_mansa
2023-10-19,alquileres.traful,Â¡No vayas a Villa Traful! ğŸ¤¯ ğŸ‘‰Por quÃ© no te vas a querer volver de este pueblito mÃ¡gico ğŸ˜,2300000,       ,bahia_mansa
2022-8-30,celesteiann,#bahiablanca #bahiablancaargentina #diariodelaservilleta #libros #bahiablancağŸ‡¦ğŸ‡·â¤,42800,#bahiablanca #bahiablancaargentina #diariodelaservilleta #libros #bahiablancağŸ‡¦ğŸ‡·â¤  ,bahia_mansa
2023-11-10,priscilanahuelan,#villalaangostura #surargentinoğŸ‡¦ğŸ‡·ğŸ‡¦ğŸ‡·ğŸ‡¦ğŸ‡·ğŸ‡¦ğŸ‡·ğŸ‡¦ğŸ‡·ğŸ‡¦ğŸ‡· #bahiamansa #riocorrentoso,23000,#villalaangostura #surargentinoğŸ‡¦ğŸ‡·ğŸ‡¦ğŸ‡·ğŸ‡¦ğŸ‡·ğŸ‡¦ğŸ‡·ğŸ‡¦ğŸ‡·ğŸ‡¦ğŸ‡· #bahiamansa #riocorrentoso,bahia_mansa
2023-8-23,kalednaya,"Hoy cumple 153 aÃ±os ğŸ‚ la RepÃºblica de La Boca ğŸ‡§ğŸ‡§. Sin dudas uno de los barrios mÃ¡s maravillosos y pintorescos de la Boca. Barrio de inmigrantes, trabajadores del puerto, es fruto de un crisol de culturas. InspiraciÃ³n de tangos, cuna del club mÃ¡s grande de la Argentina y el mundo, es hogar de la Bombonera ğŸ’™ğŸ’›. Distintivos son sus conventillos, sus bodegones, y sus sÃ­mbolos urbanÃ­sticos como el Puente Transbordador NicolÃ¡s Avellaneda, Caminito. TambiÃ©n el cuartel de Bomberos Voluntarios de La Boca, el primero en instalarse en el paÃ­s. Pero sin dudas, La Boca es grande por su gente, por su pasiÃ³n y por su alegrÃ­a. Felices 153 aÃ±os al Ãºnico barrio de primera, La Boca. - - - - -",1110,                      ,bahia_mansa
2024-2-15,travelfotografia,Villa Ocampo #casas #sanisidro #buenosaires #argentina #arquitectura #turismo,1050,#casas #sanisidro #buenosaires #argentina #arquitectura #turismo,bahia_mansa
2022-12-2,leaigounet,"Recorro una ciudad donde abunda el bÃ¡squet, la joda y hasta tienen un premio Nobel en Medicina: La ciudad de BahÃ­a Blanca ğŸ€ğŸƒğŸ½â€â™‚ï¸",718200,    ,bahia_mansa
2024-3-22,chuansigol,Dura la patagonia â€¦ #patagonia #bariloche #villalaangostura #neuquen #lago #viaje #sur,2312,#patagonia #bariloche #villalaangostura #neuquen #lago #viaje #sur    ,bahia_mansa
2024-1-13,rodriflorentin,la casita de la oma en villa la angosturağŸ’– #merienda #patagoniaargentina,32400,#merienda #patagoniaargentina,bahia_mansa
2024-1-18,turismovla,"Ver el atardecer en la montaÃ±a, conectar con el entorno y toda la magia que tiene Villa La Angostura para ofrecer.",864, ,bahia_mansa
2023-11-27,sanluis.tur,"El pueblo mas lindo del mundo! La Carolina, en San Luis! Conoces este lugar? Seguinos en IG: sanluistur",11500,       ,bahia_mansa
2023-12-28,ionanabella,ExcursiÃ³n Puerto Blest ğŸ’˜#amigos #bahiamanzano #argentina #argentinağŸ‡¦ğŸ‡· #life,541,#amigos #bahiamanzano #argentina #argentinağŸ‡¦ğŸ‡· #life            ,bahia_mansa
2022-3-23,visitargentina_,ğŸ¤¯ Â¿Ya conocÃ­as este destino de #Argentina? ğŸ’˜ğŸ‡¦ğŸ‡· #traveltiktok #argentinatiktok #viajes,49600,#Argentina? #traveltiktok #argentinatiktok #viajes    ,bahia_mansa
2023-2-17,modoturista,"Â¿EL CARIBE EN ARGENTINA? â˜€ï¸â›±ï¸ğŸŒŠ PUNTA PERDICES ğŸ’™ Se puso de moda esta playa por su semejanza al caribe. Aguas cÃ¡lidas y transparentes con playas blancas. En este caso no son de arena, sino de conchillas y caracoles por lo que sÃ­ o sÃ­ te recomendamos ir con buen calzado. ğŸ©´",3600000,        ,bahia_mansa
2024-1-4,turismo.guarani,Cerro AcatÃ® - Colonia Independencia - Paraguay ğŸ‡µğŸ‡¾,17900,,bahia_mansa
2023-9-24,adondeirbygiuli,Si venis al sur NO te podes perder este lugar #parati #sur #patagonia #patagoniaargentina,269400,#parati #sur #patagonia #patagoniaargentina         ,bahia_mansa
2022-11-22,chinitaenviaje,acÃ¡ una china gurisa enamorada de #gualeguaychu #entrerios,33100,#gualeguaychu #entrerios  ,bahia_mansa
2023-9-4,vistaalegrepy,"Con quiÃ©n te gustarÃ­a visitar este Parque Natural ubicado en Colonia Independencia, GuairÃ¡ - Paraguay? ğŸ¤©",10800,      ,bahia_mansa
2024-4-7,puntodepartida_turismo,epoca Ã±ara conocer tampaya #viajando #buenosaires #puntodepartidaviajesyturismo,9958,#viajando #buenosaires #puntodepartidaviajesyturismo    ,bahia_mansa
2024-2-3,buenosaires.alpaso,lujo de terraza en el pasaje rivarola gracias a sus vecinosğŸ«‚ #buenosaires #baalpaso,73900,#buenosaires #baalpaso,bahia_mansa
2023-9-19,ciudadelestepy,#Ciudad #del #Este . ğŸ¥° Lago de la Republica ğŸï¸ğŸ—¾,2263,#Ciudad #del #Este,bahia_mansa
2023-11-18,mapadeviajante,"Circuito Chico Ã© um percurso que passa por vÃ¡rios dos principais pontos turÃ¬sticos aqui de Bariloche. ğŸ—º Nosso roteiro foi o seguinte: Praia Bonita Cerro CampanÃ¡rio Puerto PaÃ±uelos Restaurante Bechamel Villa Tacul Lagoa Escondida Bahia de los Troncos Mirador Bahia Lopez Puente Arroyo La Angostura Cervejaria PatagÃ´nia Punto PanorÃ¢mico ğŸ’µ Todos os mirantes e praias sÃ£o de acesso gratuito (exceto Cerro CampanÃ¡rio). ğŸ“Œ Acabou? Que nada! Deixamos alguns lugares pra trÃ¡s como o Hotel Llao Llao, ParÃ³quia SÃ£o Pedro, Praia do Moreno entre outros! â„ï¸ Eu gosto de passeios assim no verÃ£o. Mas no inverno, com neve, o visual dos mirante tambÃ©m deve ser bem legal, apesar do frio!!",8376,  ,bahia_mansa
2023-11-5,artegunes,Hola Somos Artegunes! ğŸ‡¦ğŸ‡·ğŸ’› Les mostramos el proceso de #packing que despachamos esta semana. No dudes en consultar por modelitos disponibles ğŸ¤—,821,#packing                                        ,bahia_mansa
2024-2-8,olenkapcorrea,"AmÃ© hacer el Circuito Patrimonial en Puerto Varas. ğŸ™ˆâ¤ï¸ Me encanta el resultado de la combinaciÃ³n de arquitectura alemana, con la sabidurÃ­a chilota. ğŸ‡¨ğŸ‡±",338800,  ,bahia_mansa
2022-8-6,paospitale,Dpto. Alquiler temporario Ciudad de La Rioja. Argentina. #lariojaargentina,1146,#lariojaargentina    ,bahia_mansa
2023-12-25,osunabelenyanina,#miamor #escapada #villalaangostura #bahiamansa #lagocorrentoso,3140,#miamor #escapada #villalaangostura #bahiamansa #lagocorrentoso  ,bahia_mansa
2023-12-10,thiagof.okk,"Bahia brava, es impresionante como a metros hay otra Bahia que el agua es tranquila.",2636,         ,bahia_brava
2024-3-10,gabrielcris23,Bahia brava - Villa la angostura.#sur #patagoniaargentina #patagonia,595,#sur #patagoniaargentina #patagonia ,bahia_brava
2021-12-4,bandeveronica,"BahÃ­a Brava, una de las playitas mas lindas de Villa La Angostura ğŸ‡¦ğŸ‡·ğŸ’™ #mountain",1115,#mountain    ,bahia_brava
2024-2-25,marti_casas,SoÃ±adoğŸ¤¯ğŸ¤© #villalaangostura #puertovilla #bahiabravağŸ‡¦ğŸ‡· #travel,862,#villalaangostura #puertovilla #bahiabravağŸ‡¦ğŸ‡· #travel,bahia_brava
2023-12-7,thiagof.okk,#bahiabrava #villalaangostura #pyf #viral #vacaciones #parati #viral,1489,#bahiabrava #villalaangostura #pyf #viral #vacaciones #parati #viral,bahia_brava
2023-8-28,viaje.docepatas,"Unos mates a orillas de Bahia Brava, Villa La Angostura ğŸ§‰ğŸ‡¦ğŸ‡·â¤ï¸ #noesporpresumir",830,#noesporpresumir       ,bahia_brava
2024-2-8,cristinarodriguez706,"Villa la Angostura, bahÃ­a brava #argentina #patagonia #cordilleraargentina",639,#argentina #patagonia #cordilleraargentina,bahia_brava
2023-12-27,vanuwidmer,El sur ğŸ˜ #vacaciones #bahiabrava #villalaangostura #sur #argentina #ğŸ‡¦ğŸ‡·,689,#vacaciones #bahiabrava #villalaangostura #sur #argentina #ğŸ‡¦ğŸ‡·,bahia_brava
2024-2-1,meluruizzm,#villalaangostura #bahiabravağŸ‡¦ğŸ‡· #bahiamansa #patagoniaargentina #argentinatiktok,1380,#villalaangostura #bahiabravağŸ‡¦ğŸ‡· #bahiamansa #patagoniaargentina #argentinatiktok   ,bahia_brava
2024-4-6,cami.ntvg,#villalaangosturağŸ‡¦ğŸ‡· #bahiabravağŸ‡¦ğŸ‡· #bosquearrayanes #Argentina,658,#villalaangosturağŸ‡¦ğŸ‡· #bahiabravağŸ‡¦ğŸ‡· #bosquearrayanes #Argentina  ,bahia_brava
2023-12-7,gomezcelestel,Patagonia Argentina ğŸ‡¦ğŸ‡·â™¥ï¸ #villatraful #bosquesumergidoğŸğŸ” #villalaangostura,2243,#villatraful #bosquesumergidoğŸğŸ” #villalaangostura  ,bahia_brava
2024-1-20,nolgutleber,"De los lugares mÃ¡s lindos. Villa La Angostura, BahÃ­a Brava. #belleza #viajeconmates",397,#belleza #viajeconmates        ,bahia_brava
2023-8-24,natiturista,#bahiabrava #villalaangostura #neuquen #argentina #surargentino #ahoratu,5492,#bahiabrava #villalaangostura #neuquen #argentina #surargentino #ahoratu,bahia_brava
2024-3-31,mikacarrascooo,ğŸ“ Villa la Angostura ğŸï¸ Muelle BahÃ­a Brava #villalaangostura #neuquenargentinağŸ‡¦ğŸ‡·,678,#villalaangostura #neuquenargentinağŸ‡¦ğŸ‡·    ,bahia_brava
2022-12-18,brujula_viajera,El bus a Villa La Angostura desde San Carlos de Bariloche cuesta 930 pesos ida y 930 vuelta aprox 25 soles aprox o 7 dÃ³lares,6709,    ,bahia_brava
2023-8-27,micaelacamino15,#parati #viral #rutina #fypã‚· #viraltiktok #neuquen #bahiabravağŸ‡¦ğŸ‡· #villalaangostura,3410,#parati #viral #rutina #fypã‚· #viraltiktok #neuquen #bahiabravağŸ‡¦ğŸ‡· #villalaangostura,bahia_brava
2024-1-18,natunat2025,#argentina #paraiso #patagoniaargentina #villalaangostura #diosproveera,820,#argentina #paraiso #patagoniaargentina #villalaangostura #diosproveera ,bahia_brava
2021-11-9,nicodellegrazie,#viajar #VillaLaAngostura #paragonia #argentina #ParaTi,887,#viajar #VillaLaAngostura #paragonia #argentina #ParaTi,bahia_brava
2023-8-28,arielapesci,el sur srgentino ğŸ‡¦ğŸ‡·ğŸ«¶ğŸ»ğŸ¥¹ğŸ§‰ #bahiabrava #villalaangostura #traveltiktok,949,#bahiabrava #villalaangostura #traveltiktok    ,bahia_brava
2023-8-20,noemicardozo60,MUELLE BAHIA BRAVA. VILLA LA ANGOSTURA,8309,,bahia_brava
2024-1-6,laailafarias,"BUENAS BUENAAAAAS, mini resumen de paisajes que disfrutamos ayerğŸ’– alquilamos bicicletas en Villa La angostura y recorrimos todo âœ¨ 7 hs intensas pero valieron la pena. Quieren que les suba videl explicando y pasando data?",31900,     ,bahia_brava
2023-2-27,elmundodepam.ok,Villa la Angostura sin auto es posible ğŸ˜ #villalangostura #neuquen #visitargentina,14200,#villalangostura #neuquen #visitargentina,bahia_brava
2023-11-19,nicot85,#bahiabrava #villalaangostura #VLA Esas aguas por Dios!!! â¤ï¸,734,#bahiabrava #villalaangostura #VLA,bahia_brava
2024-4-10,jbelmendoza,#villalaangostura #sibo #nutri #Sur #bariloche #bahiabrava #puerto #villa,593,#villalaangostura #sibo #nutri #Sur #bariloche #bahiabrava #puerto #villa,bahia_brava
2022-1-30,pasaje.en.mano,MÃ¡s info siempre en mi IG a pasaje.en.mano ğŸŒˆâ™¥ï¸ğŸ–,306700,,bahia_brava
2022-2-9,mairoletto,Una playa hermosa y sÃºper tranquila en Villa La Angostura #viaje #playa #lago #bahiabrava,262,#viaje #playa #lago #bahiabrava ,bahia_brava
2024-1-22,turismovla,La hermosa BahÃ­a Brava!,6075,,bahia_brava
2024-1-24,viajandojuntosamerica,Mirador BahÃ­a Mansa. Uno de los lugares imperdibles al visitar Villa la Angostura es su mirador natural. Hicimos un corto trekking y llegamos a una de las mejores vistas de la patagonia Argentina.,1029,    ,bahia_brava
2024-2-19,camiaraoz10,Villa La Angostura y sus playitasğŸ¤©ğŸ¤© ğŸ“Playa Brazo Ãšltima Esperanza ğŸ“Lago espejo ğŸ“Lago correntoso ğŸ“Bahia brava,628,     ,bahia_brava
2024-3-27,vivermaisomundo,"Um dos lugares mais lindos de Villa la Angostura Essa Ã© a Bahia Mansa, com Ã¡guas calmas e cor azul esverdeada. O passeio de caiaque por aqui Ã© imperdÃ­vel e do outro lado a alguns metros fica a Bahia Brava com Ã¡guas mais agitadas.",744,    ,bahia_brava
2024-4-2,ayrlonnegabi,Bora conhecer os principais pontos turÃ­sticos e mirantes em Villa la Angostura? ğŸ“Œ Letreiro da Cidade ğŸ“Œ Mirador Brazo Norte ğŸ“Œ Mirador del Puerto ğŸ“Œ Bahia Brava ğŸ“Œ Rio Correntoso ğŸ“Œ Pampitas Empanadas #villalaangostura #pontosturÃ­sticos #mirante #roadtrip,165,,bahia_brava
2022-8-26,florscovenna_,ğŸ—ºBAHIA MANSA en VLAğŸ“ es soÃ±adağŸ¤© #villalaangostura #patagoniaargentina,28000,#villalaangostura #patagoniaargentina   ,bahia_brava
2023-10-20,sofibertola_,"Full day en villa la angosturağŸƒ Lugares imperdibles para conocer: - Ruta de los 7 lagos (rio correntoso, lago espejo, ruca malen) - Cascada rio bonito - Bahia brava - Bosque de arrayanes - Cerro bayo - Playa bonita - Cafeteria Antibes (increible lugar para desayuar o merendar)",906,    ,bahia_brava
2024-2-29,aby.avg,Apreciando ando âœ¨ğŸ¤#patagoniaargentina #villalaangostura #bahiamansa,861,#patagoniaargentina #villalaangostura #bahiamansa,bahia_brava
2021-12-8,turismounido.arg,Â¿Que playa agregarÃ­as de nuestra Patagonia? ğŸ˜ğŸ‘‡@boletoalafelicidad ğŸ“¸#patagonia #,118500,patagonia     ,bahia_brava
2023-2-5,argentosuiza,"ğŸ‡¦ğŸ‡· Â¿CuÃ¡les son los lagos de la RUTA DE LOS SIETE? ğŸ‡¦ğŸ‡· Los lagos que componen el circuito que va desde San MartÃ­n de Los Andes hasta Villa La Angostura (o viceversa) varÃ­an dependiendo del autor del relato. Muchos no cuentan el Lago Espejo Chico, el Lago Hermoso o el Lago MachÃ³nico. Pero lo cierto es que este tramo de la Ruta 40 tiene mucho mÃ¡s que ofrecer que sÃ³lo los famosos 7, por eso en este video te resumo algunas paradas que podes sumar al trayecto para aprovecharlo al mÃ¡ximo. Te los dejo anotaditos: 1- Lago Lacar (por ser el primero, muchos no lo cuentan) 2- Lago MachÃ³nico 3- Lago Hermoso 4 - Cascada Vulignanco o VuliÃ±anco (ambas versiones son vÃ¡lidas) 5 - Lago Falker 6 - Lago Villarino 7 - Lago Escondido 8 - Cascadas Ã‘ivinco (haciendo un trekking de 2,5 km - buscÃ¡ el reel con toda la info) 9 - Lago Correntoso 10 - RÃ­o Ruca MalÃ©n 11 - Lago Espejo Chico 12 - Lago Espejo Grande 13- RÃ­o Correntoso 12 - Lago Nahuel Huapi en La Angostura (BahÃ­a Mansa, Brava y Manzano) Muchos aprovechan tambiÃ©n para visitar el Lago Meliquina o el Lago Traful, pero para mi esos merecen exclusividad â¤ï¸ ğŸ¬ Para ver la info completa, te invito a ver mi Ãºltimo video en Youtube! El link lo encontrÃ¡s en mi perfil. Â¿Vos cÃ³mo conocÃ­as este circuito? _",54700,    ,bahia_brava
2021-10-26,turismounido.arg,Â¿Cual mÃ¡s agregarÃ­as? ğŸ˜Seguimos en Instagram ğŸ‘‰ @turismounido.arg@boletoalafelicidad ğŸ“¸ #t,456000,    ,bahia_brava
2024-3-16,vincihoyos,"Chama a Samu, en EspaÃ±ol ğŸ¥ğŸ¶âš½ï¸ #videoviral #greenscreen #parati #fyp",2600000,#videoviral #greenscreen #parati #fyp                     ,bahia_brava
2024-4-4,celeraiteri,"Lugares que recorrimos en 5 dias : â€¢Cascada de los duendes â€¢Lago Gutierrez â€¢Hamburgueseria Weiss (HIPER RECOMENDAMOS) â€¢Villa Traful â€¢Villa la angostura (Bahia Brava) â€¢El Bolson (caminata del rio azul â€œEl paraisoâ€ de 45 min de duracion) â€¢Circuito chico, Colonia Suiza â€¢Refugio Patagonia 24.7 â€¢Centro de BRCâ¤ï¸",720,        ,bahia_brava
2022-7-6,cielo_salas,ğŸ™ˆ No puedo mÃ¡s con loq mendijieron #fypã‚· #parati #baile #enpublico #reacciones,57900,#fypã‚· #parati #baile #enpublico #reacciones    ,bahia_brava
2024-1-11,martiaarias,ğŸ’˜ #Ã±andubaysal #gualeguaychu #amigas #verano #playa #playasargentinas #fyp,22600,#Ã±andubaysal #gualeguaychu #amigas #verano #playa #playasargentinas #fyp ,bahia_brava
2023-11-26,leandrooahumada,VILLA DE MI VIDAAAğŸ¦ğŸ‡¦ğŸ‡¹ğŸºğŸ¥#VILLACUBAS #elmasgrandelejos,18900,#VILLACUBAS #elmasgrandelejos,bahia_brava
2021-1-14,pasaje.en.mano,Bosque Los Arrayanes ğŸ˜ğŸ˜ğŸ˜ğŸ’¦ğŸ’¦ğŸ’¦ #villalaangostura #argentina,78300,#villalaangostura #argentina,bahia_brava
2022-11-22,chinitaenviaje,acÃ¡ una china gurisa enamorada de #gualeguaychu #entrerios,33100,#gualeguaychu #entrerios  ,bahia_brava
2024-1-13,maximosoliler,,18900,,bahia_brava
2024-1-17,agusseju,2 dias en villa la angostura #elsur #patagoniaargentina,798,#elsur #patagoniaargentina        ,bahia_brava
2023-10-23,jairoherrera799,Villa de mi vida â¤ğŸ¤ #VillaCubas,6123,#VillaCubas,bahia_brava
2023-12-14,leo7cabj,Baile Villa ğŸ•ºğŸ» || Â¡Primer edit de la cuenta! || #villa #boca #fyp,20700,#villa #boca #fyp,bahia_brava
2022-12-2,leaigounet,"Recorro una ciudad donde abunda el bÃ¡squet, la joda y hasta tienen un premio Nobel en Medicina: La ciudad de BahÃ­a Blanca ğŸ€ğŸƒğŸ½â€â™‚ï¸",718200,    ,bahia_brava
2023-9-12,ufologiabrasil1,"Uma intensa mobilizaÃ§Ã£o militar foi registrada na argentina causada por um misterioso OVNI triangular preto, que desafiou a base militar Aeronaval, Comandante Espora em BahÃ­a Blanca. O pesquisador de OVNIs, Andrea PÃ©rez Simondini, confirmou que os militares comeÃ§aram a atirar neste estranho objeto, incidente que durou 30 minutos, diante do olhar e espanto dos moradores prÃ³ximo a esta base. Extra Oficialmente, afirma-se que hÃ¡ pessoas com queimaduras devido ao raio vindo deste objeto voador.",744900,      ,bahia_brava
2024-1-10,diarioinforama,Â¿CuÃ¡l es la mejor hinchada del clÃ¡sico catamarqueÃ±o? San Lorenzo y Villa Cubas dejaron al rojo vivo la definiciÃ³n y este jueves 11 se conocerÃ¡ al clasificado al Regional Federal Amateur. En la previa la pregunta es: Â¿quÃ© hinchada tiene mas aguante? #villacubas #sanlorenzodealem #catamarca,46700,,bahia_brava
2024-1-18,chamo733,Punta del este#ğŸ‡µğŸ‡¾ğŸ‡ºğŸ‡¾,35900,#ğŸ‡µğŸ‡¾ğŸ‡ºğŸ‡¾,bahia_brava
2024-1-19,alexander.ruizdiaz,Comenten barrios peligrosos ğŸ‘€,1600000,,bahia_brava
2024-1-23,turismovla,Navegamos un ratito por BahÃ­a Manzano? #villalaangosturağŸ‡¦ğŸ‡· #patagonia #veranoenvla,1263,#villalaangosturağŸ‡¦ğŸ‡· #patagonia #veranoenvla ,bahia_brava
2023-3-26,candescolnik,Ser campeÃ³n en Argentina descripciÃ³n grÃ¡fica. #scaloneta #parati #dibumartinez,186300,#scaloneta #parati #dibumartinez  ,bahia_brava
2023-11-5,vivaperonbuenasnoticias,#Massa engalanando el programa del pelele de #majul #vivaperon #elecciones2023,2052,#Massa #majul #vivaperon #elecciones2023                       ,bahia_brava
2023-9-28,_motocarro,#boca #river #villa31,449200,#boca #river #villa31,bahia_brava
2021-8-30,turismovla,"Disfutando de este paisaje perfecto, desde el muelle de BahÃ­a Manzano, despuÃ©s de la Ãºltima nevada. ğŸŒ¨ğŸ¤Te gustarÃ­a estar acÃ¡? ğŸ” #v",1845,,bahia_brava
2023-7-31,williamsosa10,Me fuiiii ğŸƒâ€â™‚ï¸ğŸ’¨ ğŸ” #argentina #argentinağŸ‡¦ğŸ‡· #paraguayğŸ‡µğŸ‡¾ #fypã‚· #laplataciudad,8400000,#argentina #argentinağŸ‡¦ğŸ‡· #paraguayğŸ‡µğŸ‡¾ #fypã‚· #laplataciudad    ,bahia_brava
2024-1-23,turismovla,"anoche tuvimos un nuevo concierto en el marco de el festival de mÃºsica clÃ¡sica de los 7 lagos, chequeÃ¡ los prÃ³ximos conciertos en www.fila7lagos.com",944, ,bahia_brava
2024-3-30,leticiapanarr,,12500000,,bahia_brava
2023-12-25,leandros.benitez,Areko 4 KuÃ±a del gran @quemilyambay al estilo de @confluencia_chamamecera !!! #paraguayğŸ‡µğŸ‡¾,14400,#paraguayğŸ‡µğŸ‡¾                                                   ,bahia_brava
2024-2-23,braianvillabarber,Respuesta a @emilio.y.broto,317,@emilio.y.broto,bahia_brava
2022-1-10,alejandrinavizgaraa,#recital #playa #keper #kepersonajes #solardeleste #guale #gualeguaychu #fiesta,7703,#recital #playa #keper #kepersonajes #solardeleste #guale #gualeguaychu #fiesta   ,bahia_brava
2022-5-11,elgrafico,Todo el repertorio de Villa para festejar,7784,,bahia_brava
2022-9-7,neruforte1,para eso me iba a las toninas #sargazo #caribe #misahorros,718900,#sargazo #caribe #misahorros,bahia_brava
2024-1-27,cersantacatalina,La Cueca mÃ¡s bella de Jujuy â¤ğŸŒµ Para Santa Catalina #tomaslipan #santacatalina,6599,#tomaslipan #santacatalina     ,bahia_brava
2022-9-19,jrodriguezphoto,#FutbolEnAgenciaUGE Liga Riojana de FÃºtbol - Rioja Juniors CampeÃ³n 2022 - â€œserÃ¡s el hÃ©roe de la tardeâ€,4069,#FutbolEnAgenciaUGE   ,bahia_brava
2022-9-18,jorge_vilchez_fotos,#Kongaz #LaKonga #sunchales #santafe ğŸ¥³ğŸµ Video: #PedritoOcaÃ±a,3188,#Kongaz #LaKonga #sunchales #santafe #PedritoOcaÃ±a,bahia_brava
2024-2-7,leticiapanarr,Acho que ela nao gostou dessa vez,17400000,,bahia_brava
2023-11-9,flying_explorer_,"ğŸ“Las Ruinas de Gordejuela, Tenerife, Canary Islands ğŸ´ó §ó ¢ó ³ó £ó ´ó ¿ğŸ‡®ğŸ‡¨ Na pierwszy rzut oka wyglÄ…da jak opuszczony zamek, zaklÄ™ta rezydencja lub tajemnicze schronienie piratÃ³w... Stuletnie ruiny windy wodnej Gordejuela, na wybrzeÅ¼u Los Realejos, przypadkowo staÅ‚y siÄ™ nowÄ… atrakcjÄ… turystycznÄ… w mieÅ›cie, gdy zdjÄ™cia i filmy z tego malowniczego zakÄ…tka zostaÅ‚y udostÄ™pnione na caÅ‚ym Å›wiecie za poÅ›rednictwem mediÃ³w spoÅ‚ecznoÅ›ciowych. Przez dziesiÄ™ciolecia ruiny windy pozostawaÅ‚y zapomniane i praktycznie nieznane spoza Los Realejos. ZaczÄ™Å‚y zyskiwaÄ‡ popularnoÅ›Ä‡ w wyniku przygotowania szlaku turystycznego wzdÅ‚uÅ¼ pobliskiej Rambla de Castro przez radÄ™ miejskÄ… i Cabildo. Trasa ta Å‚Ä…czy to naturalne otoczenie z Playa Los Roques i dzielnicÄ… Punta Brava w Puerto de la Cruz. W poÅ‚owie drogi znajdujÄ… siÄ™ ruiny Gordejuela, na dnie stromego wÄ…wozu, przylegajÄ…ce do klifu, na prawie dzikiej plaÅ¼y La Fajana. Przygotowanie Å›cieÅ¼ki wzdÅ‚uÅ¼ tego wybrzeÅ¼a, o wielkiej przyrodniczej i krajobrazowej urodzie, natychmiast przyciÄ…gnÄ™Å‚o zarÃ³wno turystÃ³w, jak i mieszkaÅ„cÃ³w wyspy, do tego stopnia, Å¼e Rambla de Castro jest obecnie jednym z najczÄ™Å›ciej odwiedzanych zakÄ…tkÃ³w Teneryfy. W wyniku rosnÄ…cej popularnoÅ›ci szlaku szybko pojawiÅ‚ siÄ™ efekt ekspansji mediÃ³w spoÅ‚ecznoÅ›ciowych, gdzie spektakularne krajobrazy Castro i Gordejuela sÄ… staÅ‚ym tÅ‚em rÃ³Å¼nego rodzaju reportaÅ¼y i filmÃ³w. [ENG below] At first glance it looks like an abandoned castle, an enchanted mansion, or the secret lair of a pirates... The centuries-old ruins of the Gordejuela water lift, on the Los Realejos coast, have unintentionally become a new tourist attraction in the town, since photos and videos of this evocative corner have been shared around the world through social networks. . . . .",949,                         ,bahia_brava
2022-10-19,soyfernandoayala,#viral #paraguay #humor,3147,#viral #paraguay #humor,bahia_brava
2022-9-24,ojeda_lezcano10,#fyp #paraguayoporelmundoğŸ‡µğŸ‡¾ğŸ‡µğŸ‡¾ğŸ’ƒğŸ¿ #paraguayoporeuropağŸ‡ªğŸ‡¦â™¥ï¸ğŸ‡µğŸ‡¾ #parati,25900,#fyp #paraguayoporelmundoğŸ‡µğŸ‡¾ğŸ‡µğŸ‡¾ğŸ’ƒğŸ¿ #paraguayoporeuropağŸ‡ªğŸ‡¦â™¥ï¸ğŸ‡µğŸ‡¾ #parati  ,bahia_brava
2023-10-1,fercho23_99,"La Villa 31 unos de los Barrios mÃ¡s peligrosos de Buenos Aires, Argentina ğŸ‡¦ğŸ‡·. #argentinağŸ‡¦ğŸ‡·",11500,#argentinağŸ‡¦ğŸ‡·   ,bahia_brava
2021-11-25,sanmartindetucuman__,San MartÃ­n de TucumÃ¡n 3 vs Gimnasia de Mendoza 1// Primera Nacional 2021 #parati,1900000,#parati      ,bahia_brava
2024-4-3,aaron___212,@naiki #paysandu #uruguay #alma #uruguayğŸ‡ºğŸ‡¾ #parati epicoo,4839,@naiki #paysandu #uruguay #alma #uruguayğŸ‡ºğŸ‡¾ #parati,bahia_brava
2022-9-7,victorianoarenas,Frente a Central CÃ³rdoba ğŸ‡¦ğŸ‡· | #tiktokdeportes #victorianoarenas #futbolargentino #rosario,1600000,#tiktokdeportes #victorianoarenas #futbolargentino #rosario,bahia_brava
2022-11-11,fiorellafigueredo5,#paraguayğŸ‡µğŸ‡¾ #paraguayosenespaÃ±ağŸ‡µğŸ‡¾ğŸ‡ªğŸ‡¸ #humor #realidad #luque #cheta,10900,#paraguayğŸ‡µğŸ‡¾ #paraguayosenespaÃ±ağŸ‡µğŸ‡¾ğŸ‡ªğŸ‡¸ #humor #realidad #luque #cheta ,bahia_brava
2024-2-2,benjaeortiz23,Fua el Paysa ğŸ¤© ğŸ’™ğŸ¤ #juvenilesauf #juvenilesA #paysandufc #paysafc,26800,#juvenilesauf #juvenilesA #paysandufc #paysafc    ,bahia_brava
2023-11-26,ezequielguazook,Que hermoso mÃ­ Pueblo ğŸ˜ #pueblohermoso #pueblomagico #calor #fyp #suiza,255400,#pueblohermoso #pueblomagico #calor #fyp #suiza ,bahia_brava
2023-12-28,presentadobeni,#taravehapakova,25300,#taravehapakova,bahia_brava
2022-8-24,eugostummm_oficial,Feliz de mais pelo carinho alÃ©m do mais na fÃ© de Deus agente chega lÃ¡ â€¦ nÃ© Ivete obrigado pelo carinho eu gostummm,4700000,       ,bahia_brava
2022-8-30,celesteiann,#bahiablanca #bahiablancaargentina #diariodelaservilleta #libros #bahiablancağŸ‡¦ğŸ‡·â¤,42800,#bahiablanca #bahiablancaargentina #diariodelaservilleta #libros #bahiablancağŸ‡¦ğŸ‡·â¤  ,bahia_brava
2023-10-20,wipsdigital,Â¿Que lugar recomendas? #lugares #bahiablanca #turista #contenido,22100,#lugares #bahiablanca #turista #contenido ,bahia_brava
2022-5-3,valenfullcane,Aguante ARGENTINAAA ğŸ‡¦ğŸ‡·,2400000,,bahia_brava
2023-10-29,futbolcatamarca,Debut con goleada de San Martin con un desdibujado Villa Dolores en la primera fecha del Regional.,2375,    ,bahia_brava
2023-9-18,luisuribe075,#bahiablanca #stellamaris #barriobahia #buenosaires,53900,#bahiablanca #stellamaris #barriobahia #buenosaires,bahia_brava
2023-12-17,vilagrancabrita,,248,,bahia_brava
2024-3-23,leticia_lvr,"â€¢ DIA 01: Alugamos um carro no Aeroporto de Bariloche e fomos atÃ© San MartÃ­n de Los Andes. Nesse mesmo dia fomos atÃ© a Playa Yuco. â€¢DIA 02: fizemos metade da Rota dos 7 Lagos. SaÃ­mos de San MartÃ­n de los Andes e passamos por: Lago Falkner, Lago Escondido, Lago Villarino, Lago Machonico, Mirador del Barranco, Cerro Chapelco, Catritre, Mirador Lolog â€¢DIA 03: fizemos o restante Rota dos 7 Lagos, passando por: Mirador Pil Pil, Lago Correntoso, Lago Espejo, Rio Correntoso, Villa Angostura, Bahia Brava, Bariloche, Cerro Otto â€¢DIA 04: Circuito Chico paramos em: Playa Sin Viento, Punto PanorÃ¢mico, Puente Arroyo La Angostura, Mirador BahÃ­a Lopez, Muelle Lago Escondido, Sendero de Los Arrayanes, Cerro Campanario â€¢DIA 05: Cerro Tronador, fizemos todo o percurso atÃ© o Mirador de La Cascada Garganta Del Diablo â€¢DIA 06: Puerto Blest por excursÃ£o, mas nÃ£o recomendo fazer no verÃ£o ğŸ¥º â€¢DIA 07: tiramos esse dia para descansar e andar pelo centro de Bariloche.",2107, ,bahia_brava
2024-1-20,micaela_aguilar_06,Respuesta a @lisandro.villasbo [Espero les guste]||[#fypã‚· #viral #paraguayğŸ‡µğŸ‡¾ #paraguay,26400,@lisandro.villasbo #fypã‚· #viral #paraguayğŸ‡µğŸ‡¾ #paraguay ,bahia_brava
2023-12-15,mexpoma,#argentina #javiermilei #milei #libertaddeexpresion ğŸ‡²ğŸ‡½ # #nike #jesus,536,#argentina #javiermilei #milei #libertaddeexpresion #nike #jesus                                       ,bahia_brava
2021-8-13,turismovla,Momentos Ãºnicos que fuimos viviendo en este invierno maravilloso!â›·ğŸ”ğŸ´ğŸ»ğŸ¥¾â˜•ï¸#,2766,  ,bahia_brava
2022-10-2,rodra.rodra,La Villa 31 en la ciudad de Buenos Aires #villa31buenosaires #villa31 #buenosaires,2100000,#villa31buenosaires #villa31 #buenosaires,bahia_brava
2023-9-8,_motocarro,CÃ³mo le dicen ustedes? Villa 31 o Barrio Mugica? ğŸ¤” #villa31 #barriomugica #retiro,87500,#villa31 #barriomugica #retiro  ,bahia_brava
2023-12-17,vilagrancabrita,,261,,bahia_brava
2022-6-6,lgnar0,explota Viajerxs disco pub ğŸ”¥ #pridemonth #foryou #fypã‚· #montevideo #uruguay,2377,#pridemonth #foryou #fypã‚· #montevideo #uruguay       ,bahia_brava
2024-2-26,delrioalmundo,podemos admitir que Villa La Angostura es de los mejores lugares de Argentina? ğŸ˜,17500,    ,bahia_brava
2023-10-15,moveontraveling1,"Cuando pensas en Villa La Angostura... ğŸ‘‰ğŸ¼Que es lo primero que se te viene a la cabeza??? - LagosğŸš£â€â™€ - MontaÃ±as â›°ï¸ - Cerros Nevados ğŸ”ï¸ - Todo junto y mÃ¡s âœ¨ğŸ˜ ğŸ’›Hoy te mostramos ""La playa BahÃ­a brava"" en el Lago Nahuel Huapi . . ğŸ§Lo conocÃ­as??? ğŸ“±Escribimos para saber las todas las actividades que podes hacer. ğŸ‘‰ğŸ¼Contactanos por mensaje directo, estamos para vosğŸ‘©ğŸ½â€ğŸ’»â€¼ï¸ . . caminataspatagonicas",1785,           ,bahia_brava
2023-12-22,vilagrancabrita,,200,,bahia_brava
2023-12-29,compayhostel,Respuesta a @Ummorena Parte 2 de playas imperdibles este verano en Uruguay ğŸ‡ºğŸ‡¾,1221,@Ummorena    ,bahia_brava
2024-2-1,ojeda_lezcano10,#parati #fvp #paraguayo #paraguayoporelmundoğŸ‡µğŸ‡¾ğŸ‡µğŸ‡¾ğŸ’ƒğŸ¿,35700,#parati #fvp #paraguayo #paraguayoporelmundoğŸ‡µğŸ‡¾ğŸ‡µğŸ‡¾ğŸ’ƒğŸ¿    ,bahia_brava
2023-12-4,s1s6__mt,Estamos localizados en presidente franco kilometro 5 y medio #casaquinta #verano,6673,#casaquinta #verano  ,bahia_brava
2024-1-18,turismovla,"Ver el atardecer en la montaÃ±a, conectar con el entorno y toda la magia que tiene Villa La Angostura para ofrecer.",864, ,bahia_brava
2023-12-6,discover.paraguay,"Dr. Juan LeÃ³n MallorquÃ­n es un municipio ubicado en el departamento de Alto ParanÃ¡ a 266 km de AsunciÃ³n. Originalmente se llamaba Kaâ€™arendy, por los montes de yerba que existÃ­a en el Alto ParanÃ¡, en guaranÃ­ â€œkaâ€™aâ€ es yerba y â€œrendyâ€: que arde o luminoso, entonces el significado serÃ­a â€œyerba que ardeâ€ porque en Kaâ€™arendy se preparaba el mborovirÃ©, la yerba chamuscada en la barbacua. El nombre actual recuerda al defensor de las fronteras en la cuestiÃ³n del conflicto del Chaco, a travÃ©s de oportunas publicaciones y conferencias. Uno de los atractivos de la ciudad es el aÃ±oso Tajy Kaâ€™arendy, situado sobre la Ruta. El Ã¡rbol nativo tiene 7 metros de diÃ¡metro y 40 de altura y se estima una edad de mÃ¡s de 200 aÃ±os. Estuvo a punto de ser derribada para la duplicaciÃ³n de la ruta, pero un grupo de jÃ³venes solicitÃ³ a las autoridades que busquen la forma de salvarlo, logrÃ¡ndose el objetivo. Este post fue presentado por Alex S.A., porque la ciudad de Juan LeÃ³n Mallorquin, es TERRITORIO ALEX. ...................................................................................â€¦",34700,                           ,bahia_brava
2022-8-7,eugostummm_oficial,Esse pastel e so para quem esta de regime pq engoradar eu nÃ£o gostummm kkkk curta os videos e nos siga que eu gostummm,9900000,        ,bahia_brava
2024-3-6,mamaede2eartesanato,"Mais um comeÃ§o de tapete no tear de pregos. Aprendi esse tapete na infÃ¢ncia com minha avÃ³, nossa como detestava fazer esse tapete ğŸ¤­ eram horas e horas pra fazer um tapete e eu no auge dos meus 12 anos queria brincar, assistir, queria fazer tudo oque tivesse pra fazer menos o tapete ğŸ¤­ğŸ¤­ğŸ¤­ atÃ© meus 14 anos fazia todos os dias pra tentar ocupar o resto do meu dia, depois fiquei anos sem fazer, o tempo nÃ£o sobrava pra mais nada. Voltei a fazer em 2022, tinha acabado de mudar de SÃ£o Paulo pra Bahia, estava com uma bebÃª pequena e precisava de algo pra distrair a cabeÃ§a, daÃ­ lembrei dos vÃ¡rios artesanatos que minha avÃ³ me ensinou, mais o tapete no tear de pregos e meu favorito hoje, fazer esse tapete me trÃ¡s aconchego pro coraÃ§Ã£o, me trÃ¡s uma sensaÃ§Ã£o de paz maravilhosa. Me faz voltar Ã  infÃ¢ncia e lembrar das horas que eu e minha avÃ³ passamos cortando os retalhos pra tecer o tapete, aquele tempo eu nÃ£o ligava muito, mas hoje em dia essa Ã© minha maneira de escapar dessa correria do dia a dia. . . . . . .",618,             ,bahia_brava
2024-2-19,turismovla,volviÃ³ cocina de montaÃ±a y dijo presente una vez mÃ¡s en la Fiesta de los Jardines ğŸ™ŒğŸ§‘â€ğŸ³ğŸ›.,399,  ,bahia_brava
2023-2-13,buscamiviaje,CAMPING EN VILLA LA ANGOSTURA â›°ï¸ #patagoniaargentina #patagonia #vla,13600,#patagoniaargentina #patagonia #vla            ,bahia_brava
2024-3-14,agencialevitravel,"Â¿AÃºn sin planes para Semana Santa? ğŸ¤” AcompaÃ±anos el Domingo 31 de Marzo con toda tÃº familia y amigos, visitaremos CadaquÃ©s â˜€ï¸ğŸŒŠ el pueblo que enamorÃ³ a Salvador DalÃ­ quiÃ©n dijo que ""CadaquÃ©s era el pueblo mÃ¡s bonito del mundo"" ğŸ¤© ubicado en la Costa Brava una villa tradicional mediterrÃ¡nea que parece haberse detenido en el tiempo, las pintorescas calles de CadaquÃ©s te estÃ¡n esperando, saldremos en crucero â›´ï¸ desde la BahÃ­a de Roses disfrutando los paisajes de la costa sur-este del Parque Natural del Cabo de Creus y si no deseas realizar el crucero pero visitar la playa de Rosas su variedad de restaurantes, paseo marÃ­timo y preciosa playa el precio es de 25â‚¬ ğŸ–ğŸŒ´ğŸŒŠ ğŸ“ Nuestra oficina estÃ¡ ubicada en Avinguda de Francesc MaciÃ¡ 30, Esc A 1er, 1a Sabadell a 2 minutos de El Corte InglÃ©s frente al Parque CataluÃ±a (CON CITA PREVIA) â° Horario de atenciÃ³n: Lunes a Viernes de 10:00h a 19:00h",961,     ,bahia_brava
2024-1-13,el_paraguayito_..._,#tropicalesdeoro #tropicales #temazosparaguay #paraguaya,6256,#tropicalesdeoro #tropicales #temazosparaguay #paraguaya           ,bahia_brava
2023-9-28,uh.neto,"O Tabuleiro tÃ¡ aberto Pra vocÃª que se conecta â¤ï¸ com a mÃºsica, gostaria de te convidar pra ouvir meu primeiro Ã¡lbum, ""Tira-Gostuh"". Sendo lanÃ§ado a partir do dia 30/09 em todas as plataformas digitais... o Tira-Gostuh foi contemplado na 3Â° Temporada do Selo Educadora FM @educadorafmba e chega ao mundo cheio de dengo, tempero e misturas... Trago em seus versos, cantos, musicalidades, e um pouco de tudo aquilo que venho pensando e sentindo... Como fruto de uma caminhada no RAP e no campo da Filosofia, o Tira-Gostuh perpassa por vÃ¡rios universos do RecÃ´ncavo da Bahia para simplesmente dialogar o que possui... amor! Vem com nÃ³s que...",490,            ,bahia_brava
2023-9-1,grupo.metropole,"Torcedora sÃ­mbolo do Esporte Clube VitÃ³ria, Rosicleide de Jesus Aquino, revelou que devido ao machismo ela precisava ir disfarÃ§ada ao BarradÃ£o. Em entrevista ao Jornal da Cidade, da RÃ¡dio Metropole, ela comentou das dificuldades que passava, atÃ© entre sua famÃ­lia. â€œA comeÃ§ar pelo meu marido, que achava que eu nÃ£o poderia estar presente na arquibancada, gritando. Eu tinha que usar peruca, fingir que nÃ£o gostava de futebol. O bicho pegava lÃ¡ em casa, atÃ© porque minha famÃ­lia Ã© toda Bahia e nÃ£o aceitavam que eu fosse a ovelha negra da famÃ­lia. Mas o amor pelo VitÃ³ria foi maior, desde quando eu estava no ventre de minha mÃ£e eu jÃ¡ me sentia rubro-negraâ€, revelou. Em 2023, Rosicleide sobreviveu a um problema de coraÃ§Ã£o, ainda em recuperaÃ§Ã£o, a torcedora disse que o rubro-negro Ã© uma das fontes de energia para superar a questÃ£o. â€œEu era sÃ³cia conselheira, sempre ajudei enquanto todos abandonaram. Me afastei do Conselho porque estava me estressando muito, cobrava dos restantes dos conselheiros para que todos estivessem pagando em dia com o clube, porque o VitÃ³ria estava precisando. Logo depois fiquei doente e lembrava do VitÃ³ria, que me dava forÃ§a para superar a doenÃ§aâ€, afirmou. Sobre o Campeonato Brasileiro, Rosicleide se diz esperanÃ§osa com o tÃ­tulo. â€œAno passado muita gente desistiu, dizendo que o VitÃ³ria ia ficar na SÃ©rie C. Mas eu acreditava que a gente ia passar, e graÃ§as a Deus o milagre continua. Agora a luta continua e a gente merece esse tÃ­tulo da SÃ©rie B neste ano. O VitÃ³ria Ã© uma seleÃ§Ã£o hoje, vai arrebentar e o time Ã© um pitbull, jÃ¡ a torcida Ã© um segundo pitbullâ€, finalizou.",3991,  ,bahia_brava
2023-11-16,pixvaecraft,"Playa Pixvae ğŸŒ Al llegar a la comunidad de pixvae puedes solicitar el tour de playas que deseas. Playita blanca, las cuevas, doÃ±a juana, playa brava, playa la aguja. Tambien puedes conocer otras playas, como playa pajarÃ³n al igual q puedes visitar bahia honda. Y por supuesto, el parque nacional coiba.",35200,      ,bahia_brava
2023-12-25,osunabelenyanina,#miamor #escapada #villalaangostura #bahiamansa #lagocorrentoso,3140,#miamor #escapada #villalaangostura #bahiamansa #lagocorrentoso  ,bahia_brava
