Date,User,Description,Views,Hashtags
2022-8-26,florscovenna_,ğŸ—ºBAHIA MANSA en VLAğŸ“ es soÃ±adağŸ¤© #villalaangostura #patagoniaargentina,27.7K,#villalaangostura #patagoniaargentina   
2023-12-16,noctiluca7,Patagonia BahÃ­a mansa Argentina ğŸ’™ğŸ¤ğŸ’™ğŸ‡¦ğŸ‡·ğŸ‡¦ğŸ‡·ğŸ‡¦ğŸ‡·,19.5K,
1-5,karladf6,BahÃ­a Mansa Villa Angostura ğŸ“ Argentina ğŸ«¶âœ¨ #bahiamansavillalaangostura,900,#bahiamansavillalaangostura
2023-9-11,vivamoslapatagonia,"Unos mates en BahÃ­a Mansa? Si venis a Villa la Angostura no podes dejar de conocer esta belleza de lugarâ€¼ï¸ Somos Maru y Mau y te mostramos lo que vivimos a diario en la patagonia ğŸ‡¦ğŸ‡· Seguimos en Instagram donde somos una comunidad de 66k ğŸ‘‰ğŸ½ Si te gustÃ³ compartilo ğŸ“² y â™¥ï¸ ğŸ‘‰ğŸ½ Guardalo ğŸ’¾ ğŸ‘‰ğŸ½ Cuidemos el ğŸŒ â€¦â€¦â€¦â€¦â€¦â€¦â€¦â€¦â€¦â€¦â€¦..â€¦â€¦â€¦â€¦â€¦â€¦â€¦â€¦â€¦â€¦. ğŸ™ŒğŸ¼ Se parte de la soluciÃ³n, no de la contaminaciÃ³n âš ï¸Si vas y volves con tu ğŸ“± anda y volvÃ© con tu basurağŸš¯ğŸ‘‰ğŸ½ ğŸš®â™»ï¸ â€¦â€¦â€¦â€¦â€¦â€¦â€¦â€¦â€¦â€¦â€¦..â€¦â€¦â€¦â€¦â€¦â€¦â€¦â€¦â€¦â€¦. #parati #tiktok #viajar #viajaresvivir #paraiso #lago #playa #montaÃ±as",123.9K,                        
2-1,meluruizzm,#villalaangostura #bahiabravağŸ‡¦ğŸ‡· #bahiamansa #patagoniaargentina #argentinatiktok,1370,#villalaangostura #bahiabravağŸ‡¦ğŸ‡· #bahiamansa #patagoniaargentina #argentinatiktok   
2021-1-20,anigarlatti,BahÃ­a Mansa - Villa La Angostura. #parati #fyp #argentinağŸ‡¦ğŸ‡· #patagoniargentina #patagonia,1633,#parati #fyp #argentinağŸ‡¦ğŸ‡· #patagoniargentina #patagonia  
2-3,maary_valenzuelam,#argentinağŸ‡¦ğŸ‡· #bahiamansa #amadolugar,506,#argentinağŸ‡¦ğŸ‡· #bahiamansa #amadolugar
2-29,aby.avg,Apreciando ando âœ¨ğŸ¤#patagoniaargentina #villalaangostura #bahiamansa,854,#patagoniaargentina #villalaangostura #bahiamansa
2023-12-11,casadosyfelices23,Bahia mansa Villa la Angostura que les parece esta belleza de lugar?#parati #paratii,573,#parati #paratii         
2023-2-4,lorenaabbadie,BahÃ­a Mansa VLA ğŸ‡¦ğŸ‡· #reels__tiktok #patagonia #7lagosargentina,730,#reels__tiktok #patagonia #7lagosargentina
3-16,mapiatersol,#sur #argentina #villalaangostura #paisajes #bahiamansa,709,#sur #argentina #villalaangostura #paisajes #bahiamansa
4-6,cami.ntvg,#bahiamansa #argentinağŸ‡¦ğŸ‡· #patagonia #viralvideo,329,#bahiamansa #argentinağŸ‡¦ğŸ‡· #patagonia #viralvideo
